fit_id,method,approximator,master_seed,n_subjects,t_per_subject,n_transitions,data_pool_id,checkpoint_iteration,gamma,episodes,horizon,evaluation_seed,evaluation_seed_namespace,J_raw_mean,J_raw_std,J_normalized_mean,J_normalized_std,scientific_complete,wall_time_sec
adafnn-constant-n2000-seed00,constant_action_fqi,adafnn,0,100,20,2000,pendulum-seed00,20,0.95,1000,100,2685239924,oracle_lambda_reporting_v1,10.140368401367956,0.3383334286524169,0.5070184200683983,0.0169166714326208,True,612.9857437610626
adafnn-constant-n2000-seed01,constant_action_fqi,adafnn,1,100,20,2000,pendulum-seed01,20,0.95,1000,100,2709234296,oracle_lambda_reporting_v1,10.400207486644591,0.6770187888006988,0.5200103743322301,0.0338509394400349,True,1004.6116445064544
adafnn-constant-n2000-seed02,constant_action_fqi,adafnn,2,100,20,2000,pendulum-seed02,20,0.95,1000,100,1095395228,oracle_lambda_reporting_v1,11.246486415759025,0.2354781805658141,0.5623243207879517,0.0117739090282907,True,1340.4018626213074
adafnn-constant-n2000-seed03,constant_action_fqi,adafnn,3,100,20,2000,pendulum-seed03,20,0.95,1000,100,470679018,oracle_lambda_reporting_v1,9.99959036984267,0.2724021612367648,0.4999795184921339,0.0136201080618382,True,912.6581914424896
adafnn-constant-n2000-seed04,constant_action_fqi,adafnn,4,100,20,2000,pendulum-seed04,20,0.95,1000,100,3945271810,oracle_lambda_reporting_v1,10.828800243200366,0.8951455621883473,0.5414400121600188,0.0447572781094174,True,1004.8843507766724
adafnn-constant-n2000-seed05,constant_action_fqi,adafnn,5,100,20,2000,pendulum-seed05,20,0.95,1000,100,302915322,oracle_lambda_reporting_v1,10.90234656672332,1.0751406457100854,0.5451173283361666,0.0537570322855043,True,1059.9518625736237
adafnn-constant-n2000-seed06,constant_action_fqi,adafnn,6,100,20,2000,pendulum-seed06,20,0.95,1000,100,3388775872,oracle_lambda_reporting_v1,10.046469985504029,0.328222371264806,0.5023234992752017,0.0164111185632403,True,1120.6170325279236
adafnn-constant-n2000-seed07,constant_action_fqi,adafnn,7,100,20,2000,pendulum-seed07,20,0.95,1000,100,1909855518,oracle_lambda_reporting_v1,10.944407342484746,1.1640057369159302,0.5472203671242378,0.0582002868457965,True,773.3224186897278
adafnn-constant-n2000-seed08,constant_action_fqi,adafnn,8,100,20,2000,pendulum-seed08,20,0.95,1000,100,2022697987,oracle_lambda_reporting_v1,10.954427221239197,1.1774747378721286,0.5477213610619603,0.0588737368936064,True,819.7679903507233
adafnn-constant-n2000-seed09,constant_action_fqi,adafnn,9,100,20,2000,pendulum-seed09,20,0.95,1000,100,2983879141,oracle_lambda_reporting_v1,10.08431451476941,0.4344036713443416,0.504215725738471,0.0217201835672171,True,946.8990993499756
adafnn-constant-n2000-seed10,constant_action_fqi,adafnn,10,100,20,2000,pendulum-seed10,20,0.95,1000,100,998231945,oracle_lambda_reporting_v1,10.993445483020675,1.1553686213288863,0.5496722741510344,0.0577684310664443,True,1114.8999626636505
adafnn-constant-n2000-seed11,constant_action_fqi,adafnn,11,100,20,2000,pendulum-seed11,20,0.95,1000,100,1194072084,oracle_lambda_reporting_v1,10.670414172463143,0.6520362027275555,0.5335207086231578,0.0326018101363778,True,1392.5561819076538
adafnn-constant-n2000-seed12,constant_action_fqi,adafnn,12,100,20,2000,pendulum-seed12,20,0.95,1000,100,905318374,oracle_lambda_reporting_v1,12.799143506607903,0.6199592065900535,0.6399571753303958,0.0309979603295027,True,594.1123375892639
adafnn-constant-n2000-seed13,constant_action_fqi,adafnn,13,100,20,2000,pendulum-seed13,20,0.95,1000,100,4015478562,oracle_lambda_reporting_v1,10.145086814600022,0.4221338265957766,0.5072543407300016,0.0211066913297888,True,1028.6860537528992
adafnn-constant-n2000-seed14,constant_action_fqi,adafnn,14,100,20,2000,pendulum-seed14,20,0.95,1000,100,923769780,oracle_lambda_reporting_v1,9.996979690069423,0.2930225132845008,0.4998489845034716,0.014651125664225,True,992.4383885860444
adafnn-constant-n2000-seed15,constant_action_fqi,adafnn,15,100,20,2000,pendulum-seed15,20,0.95,1000,100,2169158707,oracle_lambda_reporting_v1,10.054051545038252,0.322468462467991,0.502702577251913,0.0161234231233995,True,1012.4834427833556
adafnn-constant-n2000-seed16,constant_action_fqi,adafnn,16,100,20,2000,pendulum-seed16,20,0.95,1000,100,2823810571,oracle_lambda_reporting_v1,10.494609286650556,0.6086948899312928,0.5247304643325283,0.0304347444965646,True,770.1075477600098
adafnn-constant-n2000-seed17,constant_action_fqi,adafnn,17,100,20,2000,pendulum-seed17,20,0.95,1000,100,3558748687,oracle_lambda_reporting_v1,11.05907602049081,1.1695712870566517,0.552953801024541,0.0584785643528326,True,1011.7682158946992
adafnn-constant-n2000-seed18,constant_action_fqi,adafnn,18,100,20,2000,pendulum-seed18,20,0.95,1000,100,1806977385,oracle_lambda_reporting_v1,10.73727574250329,0.7491242979694963,0.5368637871251649,0.0374562148984748,True,871.9879884719849
adafnn-constant-n2000-seed19,constant_action_fqi,adafnn,19,100,20,2000,pendulum-seed19,20,0.95,1000,100,2454136335,oracle_lambda_reporting_v1,10.056281858289193,0.3207085210851508,0.5028140929144599,0.0160354260542575,True,230.58435988426208
adafnn-constant-n4000-seed00,constant_action_fqi,adafnn,0,200,20,4000,pendulum-seed00,20,0.95,1000,100,2685239924,oracle_lambda_reporting_v1,10.160680441112662,0.3762925788836066,0.5080340220556335,0.0188146289441803,True,1268.3536541461945
adafnn-constant-n4000-seed01,constant_action_fqi,adafnn,1,200,20,4000,pendulum-seed01,20,0.95,1000,100,2709234296,oracle_lambda_reporting_v1,11.597410000825713,0.6062585115432322,0.579870500041286,0.0303129255771616,True,1650.1232614517212
adafnn-constant-n4000-seed02,constant_action_fqi,adafnn,2,200,20,4000,pendulum-seed02,20,0.95,1000,100,1095395228,oracle_lambda_reporting_v1,10.033585114641136,0.29004813517396,0.5016792557320573,0.014502406758698,True,751.6190831661224
adafnn-constant-n4000-seed03,constant_action_fqi,adafnn,3,200,20,4000,pendulum-seed03,20,0.95,1000,100,470679018,oracle_lambda_reporting_v1,10.239356633245102,0.494948803198374,0.5119678316622555,0.0247474401599187,True,863.6566863059998
adafnn-constant-n4000-seed04,constant_action_fqi,adafnn,4,200,20,4000,pendulum-seed04,20,0.95,1000,100,3945271810,oracle_lambda_reporting_v1,10.283225150692491,0.4293344090947162,0.514161257534625,0.0214667204547358,True,670.4501039981842
adafnn-constant-n4000-seed05,constant_action_fqi,adafnn,5,200,20,4000,pendulum-seed05,20,0.95,1000,100,302915322,oracle_lambda_reporting_v1,10.06421756908949,0.3716933823188862,0.503210878454475,0.0185846691159443,True,1717.7229385375977
adafnn-constant-n4000-seed06,constant_action_fqi,adafnn,6,200,20,4000,pendulum-seed06,20,0.95,1000,100,3388775872,oracle_lambda_reporting_v1,10.030164139496549,0.2853495630181271,0.5015082069748279,0.0142674781509063,True,1530.2035546302795
adafnn-constant-n4000-seed07,constant_action_fqi,adafnn,7,200,20,4000,pendulum-seed07,20,0.95,1000,100,1909855518,oracle_lambda_reporting_v1,10.763945361850512,0.6091657554191714,0.5381972680925261,0.0304582877709585,True,1307.4493963718414
adafnn-constant-n4000-seed08,constant_action_fqi,adafnn,8,200,20,4000,pendulum-seed08,20,0.95,1000,100,2022697987,oracle_lambda_reporting_v1,10.110156052461578,0.3888786080617927,0.5055078026230794,0.0194439304030896,True,1312.7729823589325
adafnn-constant-n4000-seed09,constant_action_fqi,adafnn,9,200,20,4000,pendulum-seed09,20,0.95,1000,100,2983879141,oracle_lambda_reporting_v1,11.727399847567185,0.8159521073327148,0.5863699923783597,0.0407976053666357,True,1597.855792760849
adafnn-constant-n4000-seed10,constant_action_fqi,adafnn,10,200,20,4000,pendulum-seed10,20,0.95,1000,100,998231945,oracle_lambda_reporting_v1,10.526799927267678,0.7386736558460616,0.5263399963633845,0.0369336827923031,True,1284.393717765808
adafnn-constant-n4000-seed11,constant_action_fqi,adafnn,11,200,20,4000,pendulum-seed11,20,0.95,1000,100,1194072084,oracle_lambda_reporting_v1,10.989703909216187,1.1942965704292168,0.5494851954608099,0.0597148285214608,True,1617.059509754181
adafnn-constant-n4000-seed12,constant_action_fqi,adafnn,12,200,20,4000,pendulum-seed12,20,0.95,1000,100,905318374,oracle_lambda_reporting_v1,13.415687934395557,1.9877324478426084,0.6707843967197783,0.0993866223921305,True,1012.2497565746309
adafnn-constant-n4000-seed13,constant_action_fqi,adafnn,13,200,20,4000,pendulum-seed13,20,0.95,1000,100,4015478562,oracle_lambda_reporting_v1,10.327798435507216,0.6411330737904443,0.5163899217753612,0.0320566536895222,True,1667.3713448047638
adafnn-constant-n4000-seed14,constant_action_fqi,adafnn,14,200,20,4000,pendulum-seed14,20,0.95,1000,100,923769780,oracle_lambda_reporting_v1,12.050310357974569,0.8811908183060807,0.6025155178987289,0.044059540915304,True,1781.7380533218384
adafnn-constant-n4000-seed15,constant_action_fqi,adafnn,15,200,20,4000,pendulum-seed15,20,0.95,1000,100,2169158707,oracle_lambda_reporting_v1,10.102093864681668,0.3864603745198786,0.5051046932340838,0.0193230187259939,True,1230.7949655056
adafnn-constant-n4000-seed16,constant_action_fqi,adafnn,16,200,20,4000,pendulum-seed16,20,0.95,1000,100,2823810571,oracle_lambda_reporting_v1,9.99329422138234,0.2320025528901833,0.4996647110691173,0.0116001276445091,True,1556.5287692546844
adafnn-constant-n4000-seed17,constant_action_fqi,adafnn,17,200,20,4000,pendulum-seed17,20,0.95,1000,100,3558748687,oracle_lambda_reporting_v1,10.41211418095473,0.5703911664375833,0.5206057090477371,0.0285195583218791,True,1577.0110726356506
adafnn-constant-n4000-seed18,constant_action_fqi,adafnn,18,200,20,4000,pendulum-seed18,20,0.95,1000,100,1806977385,oracle_lambda_reporting_v1,10.081374620624487,0.3536661612033793,0.5040687310312248,0.0176833080601689,True,1675.7146084308624
adafnn-constant-n4000-seed19,constant_action_fqi,adafnn,19,200,20,4000,pendulum-seed19,20,0.95,1000,100,2454136335,oracle_lambda_reporting_v1,9.879395677542842,0.1568308965362448,0.4939697838771426,0.0078415448268122,True,1078.1409697532654
adafnn-constant-n8000-seed00,constant_action_fqi,adafnn,0,400,20,8000,pendulum-seed00,20,0.95,1000,100,2685239924,oracle_lambda_reporting_v1,11.01513095861842,1.1848460199125976,0.5507565479309215,0.0592423009956299,True,2482.640679121017
adafnn-constant-n8000-seed01,constant_action_fqi,adafnn,1,400,20,8000,pendulum-seed01,20,0.95,1000,100,2709234296,oracle_lambda_reporting_v1,11.407597660151136,0.531909382659649,0.5703798830075574,0.0265954691329824,True,2568.664046764374
adafnn-constant-n8000-seed02,constant_action_fqi,adafnn,2,400,20,8000,pendulum-seed02,20,0.95,1000,100,1095395228,oracle_lambda_reporting_v1,11.589507572889364,0.6749623976940217,0.5794753786444687,0.0337481198847011,True,2514.542027235031
adafnn-constant-n8000-seed03,constant_action_fqi,adafnn,3,400,20,8000,pendulum-seed03,20,0.95,1000,100,470679018,oracle_lambda_reporting_v1,12.218067935515853,1.1086607887113196,0.6109033967757932,0.055433039435566,True,2987.441032886505
adafnn-constant-n8000-seed04,constant_action_fqi,adafnn,4,400,20,8000,pendulum-seed04,20,0.95,1000,100,3945271810,oracle_lambda_reporting_v1,10.16261233715263,0.5225969156469047,0.5081306168576321,0.0261298457823452,True,1154.1857850551603
adafnn-constant-n8000-seed05,constant_action_fqi,adafnn,5,400,20,8000,pendulum-seed05,20,0.95,1000,100,302915322,oracle_lambda_reporting_v1,10.89613933041375,0.4303435549136415,0.5448069665206879,0.021517177745682,True,1238.4634084701538
adafnn-constant-n8000-seed06,constant_action_fqi,adafnn,6,400,20,8000,pendulum-seed06,20,0.95,1000,100,3388775872,oracle_lambda_reporting_v1,10.109492646425688,0.3934851633279067,0.5054746323212849,0.0196742581663953,True,1208.4141581058502
adafnn-constant-n8000-seed07,constant_action_fqi,adafnn,7,400,20,8000,pendulum-seed07,20,0.95,1000,100,1909855518,oracle_lambda_reporting_v1,10.298792964578231,0.5138441145131477,0.5149396482289119,0.0256922057256574,True,1449.7387585639954
adafnn-constant-n8000-seed08,constant_action_fqi,adafnn,8,400,20,8000,pendulum-seed08,20,0.95,1000,100,2022697987,oracle_lambda_reporting_v1,10.0829723211386,0.3935575762881224,0.5041486160569304,0.0196778788144061,True,2200.009374141693
adafnn-constant-n8000-seed09,constant_action_fqi,adafnn,9,400,20,8000,pendulum-seed09,20,0.95,1000,100,2983879141,oracle_lambda_reporting_v1,10.101588448036862,0.4319155722063675,0.5050794224018436,0.0215957786103183,True,2557.034342765808
adafnn-constant-n8000-seed10,constant_action_fqi,adafnn,10,400,20,8000,pendulum-seed10,20,0.95,1000,100,998231945,oracle_lambda_reporting_v1,10.247117898744072,0.3980799084368085,0.5123558949372041,0.0199039954218404,True,3057.469117641449
adafnn-constant-n8000-seed11,constant_action_fqi,adafnn,11,400,20,8000,pendulum-seed11,20,0.95,1000,100,1194072084,oracle_lambda_reporting_v1,11.011698919904669,1.1827461611767,0.550584945995234,0.059137308058835,True,2233.7196991443634
adafnn-constant-n8000-seed12,constant_action_fqi,adafnn,12,400,20,8000,pendulum-seed12,20,0.95,1000,100,905318374,oracle_lambda_reporting_v1,10.020947409152386,0.289905216200947,0.5010473704576197,0.0144952608100473,True,2140.674669981003
adafnn-constant-n8000-seed13,constant_action_fqi,adafnn,13,400,20,8000,pendulum-seed13,20,0.95,1000,100,4015478562,oracle_lambda_reporting_v1,9.994043964060404,0.2432420393300694,0.4997021982030204,0.0121621019665034,True,2174.2238183021545
adafnn-constant-n8000-seed14,constant_action_fqi,adafnn,14,400,20,8000,pendulum-seed14,20,0.95,1000,100,923769780,oracle_lambda_reporting_v1,10.24226113440451,0.4989082578773427,0.5121130567202258,0.0249454128938671,True,777.2665798664093
adafnn-constant-n8000-seed15,constant_action_fqi,adafnn,15,400,20,8000,pendulum-seed15,20,0.95,1000,100,2169158707,oracle_lambda_reporting_v1,10.358356773068897,0.6418565498467232,0.5179178386534454,0.0320928274923361,True,2176.9412775039677
adafnn-constant-n8000-seed16,constant_action_fqi,adafnn,16,400,20,8000,pendulum-seed16,20,0.95,1000,100,2823810571,oracle_lambda_reporting_v1,12.16532345527662,0.873406881632652,0.6082661727638314,0.0436703440816326,True,1997.5410940647123
adafnn-constant-n8000-seed17,constant_action_fqi,adafnn,17,400,20,8000,pendulum-seed17,20,0.95,1000,100,3558748687,oracle_lambda_reporting_v1,12.096198205887973,0.965920306349174,0.6048099102943992,0.0482960153174587,True,2805.837733030319
adafnn-constant-n8000-seed18,constant_action_fqi,adafnn,18,400,20,8000,pendulum-seed18,20,0.95,1000,100,1806977385,oracle_lambda_reporting_v1,9.9844230851737,0.2321855262923078,0.4992211542586855,0.0116092763146154,True,1872.615706920624
adafnn-constant-n8000-seed19,constant_action_fqi,adafnn,19,400,20,8000,pendulum-seed19,20,0.95,1000,100,2454136335,oracle_lambda_reporting_v1,10.04216437405968,0.2819094697370365,0.5021082187029845,0.0140954734868518,True,1836.3843846321104
adafnn-constant-n16000-seed00,constant_action_fqi,adafnn,0,800,20,16000,pendulum-seed00,20,0.95,1000,100,2685239924,oracle_lambda_reporting_v1,10.107931762526755,0.2964385227983415,0.5053965881263383,0.014821926139917,True,2929.219309091568
adafnn-constant-n16000-seed01,constant_action_fqi,adafnn,1,800,20,16000,pendulum-seed01,20,0.95,1000,100,2709234296,oracle_lambda_reporting_v1,10.954504136771854,1.1746109656148596,0.5477252068385933,0.058730548280743,True,3239.828422307968
adafnn-constant-n16000-seed02,constant_action_fqi,adafnn,2,800,20,16000,pendulum-seed02,20,0.95,1000,100,1095395228,oracle_lambda_reporting_v1,11.058786086966528,0.313699273494594,0.5529393043483269,0.0156849636747297,True,4380.849529981613
adafnn-constant-n16000-seed03,constant_action_fqi,adafnn,3,800,20,16000,pendulum-seed03,20,0.95,1000,100,470679018,oracle_lambda_reporting_v1,12.11404315845018,0.9999057183828788,0.6057021579225095,0.0499952859191439,True,2816.0917444229126
adafnn-constant-n16000-seed04,constant_action_fqi,adafnn,4,800,20,16000,pendulum-seed04,20,0.95,1000,100,3945271810,oracle_lambda_reporting_v1,11.549114308977371,0.4759076432403443,0.5774557154488691,0.0237953821620172,True,2397.821182012558
adafnn-constant-n16000-seed05,constant_action_fqi,adafnn,5,800,20,16000,pendulum-seed05,20,0.95,1000,100,302915322,oracle_lambda_reporting_v1,10.945943236945435,1.1604097108394036,0.5472971618472724,0.0580204855419702,True,1627.6643025875092
adafnn-constant-n16000-seed06,constant_action_fqi,adafnn,6,800,20,16000,pendulum-seed06,20,0.95,1000,100,3388775872,oracle_lambda_reporting_v1,12.008046399846185,0.4450264282544941,0.6004023199923096,0.0222513214127247,True,4088.671127080917
adafnn-constant-n16000-seed07,constant_action_fqi,adafnn,7,800,20,16000,pendulum-seed07,20,0.95,1000,100,1909855518,oracle_lambda_reporting_v1,10.878326888900055,1.0673642264432557,0.5439163444450033,0.0533682113221628,True,2664.813224554062
adafnn-constant-n16000-seed08,constant_action_fqi,adafnn,8,800,20,16000,pendulum-seed08,20,0.95,1000,100,2022697987,oracle_lambda_reporting_v1,12.067897100038852,0.7803358822299183,0.6033948550019431,0.0390167941114959,True,2909.497239112854
adafnn-constant-n16000-seed09,constant_action_fqi,adafnn,9,800,20,16000,pendulum-seed09,20,0.95,1000,100,2983879141,oracle_lambda_reporting_v1,10.862281328444157,0.3818338167677836,0.5431140664222083,0.0190916908383891,True,4627.240721940994
adafnn-constant-n16000-seed10,constant_action_fqi,adafnn,10,800,20,16000,pendulum-seed10,20,0.95,1000,100,998231945,oracle_lambda_reporting_v1,12.882439032557109,1.4273962150135309,0.644121951627856,0.0713698107506766,True,1268.7947890758514
adafnn-constant-n16000-seed11,constant_action_fqi,adafnn,11,800,20,16000,pendulum-seed11,20,0.95,1000,100,1194072084,oracle_lambda_reporting_v1,11.011698919904555,1.18274616117637,0.5505849459952283,0.0591373080588185,True,4383.471278429031
adafnn-constant-n16000-seed12,constant_action_fqi,adafnn,12,800,20,16000,pendulum-seed12,20,0.95,1000,100,905318374,oracle_lambda_reporting_v1,11.49427106007562,0.5503635330883199,0.5747135530037815,0.027518176654416,True,5053.441057920456
adafnn-constant-n16000-seed13,constant_action_fqi,adafnn,13,800,20,16000,pendulum-seed13,20,0.95,1000,100,4015478562,oracle_lambda_reporting_v1,11.015930488347644,1.211895652487598,0.5507965244173827,0.0605947826243799,True,1557.9173555374146
adafnn-constant-n16000-seed14,constant_action_fqi,adafnn,14,800,20,16000,pendulum-seed14,20,0.95,1000,100,923769780,oracle_lambda_reporting_v1,10.424529744259956,0.5686291290943101,0.5212264872129984,0.0284314564547155,True,4788.448077917099
adafnn-constant-n16000-seed15,constant_action_fqi,adafnn,15,800,20,16000,pendulum-seed15,20,0.95,1000,100,2169158707,oracle_lambda_reporting_v1,10.146597807628224,0.450894986840189,0.5073298903814117,0.0225447493420094,True,3434.077140808105
adafnn-constant-n16000-seed16,constant_action_fqi,adafnn,16,800,20,16000,pendulum-seed16,20,0.95,1000,100,2823810571,oracle_lambda_reporting_v1,12.12689015663277,0.9586981214905406,0.6063445078316391,0.047934906074527,True,3679.985067605972
adafnn-constant-n16000-seed17,constant_action_fqi,adafnn,17,800,20,16000,pendulum-seed17,20,0.95,1000,100,3558748687,oracle_lambda_reporting_v1,11.71659794058838,0.837438792318394,0.5858298970294195,0.0418719396159197,True,4667.36854672432
adafnn-constant-n16000-seed18,constant_action_fqi,adafnn,18,800,20,16000,pendulum-seed18,20,0.95,1000,100,1806977385,oracle_lambda_reporting_v1,10.094004640343014,0.3987304755587629,0.5047002320171511,0.0199365237779381,True,3202.542922973633
adafnn-constant-n16000-seed19,constant_action_fqi,adafnn,19,800,20,16000,pendulum-seed19,20,0.95,1000,100,2454136335,oracle_lambda_reporting_v1,10.138715499538764,0.409387137290929,0.5069357749769388,0.0204693568645464,True,4234.679340839386
adafnn-constant-n32000-seed00,constant_action_fqi,adafnn,0,1600,20,32000,pendulum-seed00,20,0.95,1000,100,2685239924,oracle_lambda_reporting_v1,10.253448035862036,0.4544296040308755,0.5126724017931021,0.0227214802015437,True,4523.624314308167
adafnn-constant-n32000-seed01,constant_action_fqi,adafnn,1,1600,20,32000,pendulum-seed01,20,0.95,1000,100,2709234296,oracle_lambda_reporting_v1,11.030534909496524,1.1661394784586503,0.5515267454748267,0.0583069739229325,True,3584.787127256393
adafnn-constant-n32000-seed02,constant_action_fqi,adafnn,2,1600,20,32000,pendulum-seed02,20,0.95,1000,100,1095395228,oracle_lambda_reporting_v1,13.060797314810047,1.6641563418108616,0.6530398657405031,0.0832078170905431,True,2998.8361451625824
adafnn-constant-n32000-seed03,constant_action_fqi,adafnn,3,1600,20,32000,pendulum-seed03,20,0.95,1000,100,470679018,oracle_lambda_reporting_v1,11.29493364888802,0.5104418124688097,0.5647466824444016,0.0255220906234405,True,5436.220456361771
adafnn-constant-n32000-seed04,constant_action_fqi,adafnn,4,1600,20,32000,pendulum-seed04,20,0.95,1000,100,3945271810,oracle_lambda_reporting_v1,11.33633639670899,0.5329100611408104,0.5668168198354501,0.0266455030570405,True,6796.562949419022
adafnn-constant-n32000-seed05,constant_action_fqi,adafnn,5,1600,20,32000,pendulum-seed05,20,0.95,1000,100,302915322,oracle_lambda_reporting_v1,13.1153503700747,1.7633790889100447,0.6557675185037356,0.0881689544455023,True,4442.825783491135
adafnn-constant-n32000-seed06,constant_action_fqi,adafnn,6,1600,20,32000,pendulum-seed06,20,0.95,1000,100,3388775872,oracle_lambda_reporting_v1,10.29425496002495,0.569390523218712,0.514712748001248,0.0284695261609356,True,4336.895821809769
adafnn-constant-n32000-seed07,constant_action_fqi,adafnn,7,1600,20,32000,pendulum-seed07,20,0.95,1000,100,1909855518,oracle_lambda_reporting_v1,11.376994373009785,0.446960213881215,0.5688497186504896,0.0223480106940607,True,5161.487610578537
adafnn-constant-n32000-seed08,constant_action_fqi,adafnn,8,1600,20,32000,pendulum-seed08,20,0.95,1000,100,2022697987,oracle_lambda_reporting_v1,11.628998571092175,0.8215342917608093,0.5814499285546092,0.0410767145880405,True,4120.987090826035
adafnn-constant-n32000-seed09,constant_action_fqi,adafnn,9,1600,20,32000,pendulum-seed09,20,0.95,1000,100,2983879141,oracle_lambda_reporting_v1,10.168639348747924,0.5053248005078645,0.5084319674373966,0.0252662400253932,True,11020.549207687378
adafnn-constant-n32000-seed10,constant_action_fqi,adafnn,10,1600,20,32000,pendulum-seed10,20,0.95,1000,100,998231945,oracle_lambda_reporting_v1,12.276948822308212,0.9939628802426168,0.6138474411154111,0.0496981440121308,True,9655.751195430756
adafnn-constant-n32000-seed11,constant_action_fqi,adafnn,11,1600,20,32000,pendulum-seed11,20,0.95,1000,100,1194072084,oracle_lambda_reporting_v1,10.589337448405304,0.6873933722811476,0.5294668724202658,0.0343696686140574,True,5970.04866027832
adafnn-constant-n32000-seed12,constant_action_fqi,adafnn,12,1600,20,32000,pendulum-seed12,20,0.95,1000,100,905318374,oracle_lambda_reporting_v1,11.02107679672242,1.2119436100581786,0.5510538398361214,0.0605971805029089,True,12100.15445303917
adafnn-constant-n32000-seed13,constant_action_fqi,adafnn,13,1600,20,32000,pendulum-seed13,20,0.95,1000,100,4015478562,oracle_lambda_reporting_v1,10.20291087052446,0.4253530568569394,0.5101455435262233,0.0212676528428469,True,5354.5399878025055
adafnn-constant-n32000-seed14,constant_action_fqi,adafnn,14,1600,20,32000,pendulum-seed14,20,0.95,1000,100,923769780,oracle_lambda_reporting_v1,10.990505207432888,1.1949217501666436,0.5495252603716448,0.0597460875083322,True,9874.45310997963
adafnn-constant-n32000-seed15,constant_action_fqi,adafnn,15,1600,20,32000,pendulum-seed15,20,0.95,1000,100,2169158707,oracle_lambda_reporting_v1,10.757176081746008,0.5449723139176399,0.537858804087301,0.027248615695882,True,5646.269347667694
adafnn-constant-n32000-seed16,constant_action_fqi,adafnn,16,1600,20,32000,pendulum-seed16,20,0.95,1000,100,2823810571,oracle_lambda_reporting_v1,12.938623315992448,1.572470165069473,0.6469311657996232,0.0786235082534737,True,3977.338919401169
adafnn-constant-n32000-seed17,constant_action_fqi,adafnn,17,1600,20,32000,pendulum-seed17,20,0.95,1000,100,3558748687,oracle_lambda_reporting_v1,10.690698997576586,0.409173192694776,0.5345349498788298,0.0204586596347388,True,8125.272855997086
adafnn-constant-n32000-seed18,constant_action_fqi,adafnn,18,1600,20,32000,pendulum-seed18,20,0.95,1000,100,1806977385,oracle_lambda_reporting_v1,10.728604649777733,0.8936144698848182,0.536430232488887,0.0446807234942409,True,9436.541260004044
adafnn-constant-n32000-seed19,constant_action_fqi,adafnn,19,1600,20,32000,pendulum-seed19,20,0.95,1000,100,2454136335,oracle_lambda_reporting_v1,10.266954748934408,0.522127930354725,0.5133477374467209,0.0261063965177362,True,8197.934120416641
