fit_id,master_seed,n_transitions,lambda_dimensionless,selected_sample_size_view,fixed_n_all_lambda_view,J_normalized_mean,optimizer_floor_selected,penalty_state_count,raw_total_curvature_penalty,raw_centered_covariance_curvature,raw_mean_curve_curvature,dimensionless_total_curvature,omega_scale,dimensionless_weighted_policy_penalty,q_normalized
adafnn-n2000-lambda0.0001-seed06,6,2000,0.0001,True,False,0.5250716406581961,full_cmaes,2000,69638.08915247627,68596.4786097673,1075.908782013852,0.0533183288949397,1306081.615755317,5.331832889493972e-06,0.4915297031402588
adafnn-n2000-lambda0.0001-seed08,8,2000,0.0001,True,False,0.525985305729994,constant_in_u_cmaes,2000,5.7610293424659175e-11,1.270206662323928e-11,4.491457783473152e-11,4.4109259888282475e-17,1306081.615755317,4.410925988828249e-21,0.987891674041748
adafnn-n2000-lambda0.0001-seed11,11,2000,0.0001,True,False,0.6201653376391582,constant_in_u_cmaes,2000,5.6501221479265945e-11,5.705634708513504e-11,0.0,4.3260100132862567e-17,1306081.615755317,4.3260100132862565e-21,0.8977916717529297
adafnn-n2000-lambda0.0001-seed12,12,2000,0.0001,True,False,0.5574868234384325,full_cmaes,2000,36961.83078926852,33425.8858170534,3552.657915123644,0.0282997864324835,1306081.615755317,2.8299786432483557e-06,0.217749810218811
adafnn-n2000-lambda0.0001-seed17,17,2000,0.0001,True,False,0.5169126755487795,constant_in_u_cmaes,2000,1.1613553851930192e-10,3.53197784509563e-11,8.083341995757109e-11,8.891905154957711e-17,1306081.615755316,8.891905154957713e-21,0.978988552093506
adafnn-n2000-lambda0.0001-seed19,19,2000,0.0001,True,False,0.5469622517236578,constant_in_u_cmaes,2000,5.5642203733441416e-11,8.185769443019752e-23,5.5642203733359597e-11,4.2602394109393465e-17,1306081.615755317,4.260239410939347e-21,0.1641375064849853
adafnn-n2000-lambda0.001-seed00,0,2000,0.001,True,False,0.5074944024584886,full_cmaes,2000,41810.23218152601,36949.6389804734,4879.068020542851,0.0320119598018741,1306081.615755317,3.201195980187412e-05,0.1838431715965271
adafnn-n2000-lambda0.001-seed01,1,2000,0.001,True,False,0.5194391705900574,full_cmaes,2000,63629.36804181192,56905.08114204123,6752.739440341706,0.0487177579672267,1306081.615755316,4.8717757967226745e-05,0.8906527519226074
adafnn-n2000-lambda0.001-seed04,4,2000,0.001,True,False,0.6331602963065718,full_cmaes,2000,86211.41135199,40678.065104606925,45553.68527993537,0.0660076754101873,1306081.615755317,6.600767541018734e-05,0.952658462524414
adafnn-n2000-lambda0.001-seed09,9,2000,0.001,True,False,0.5767629769400476,full_cmaes,2000,55063.66316724739,47176.17851998529,7911.072736522088,0.0421594351402027,1306081.615755316,4.215943514020271e-05,0.8608707427978516
adafnn-n2000-lambda0.001-seed10,10,2000,0.001,True,False,0.5395393190638208,full_cmaes,2000,5158.053404110899,4938.275791226004,222.24675078050768,0.003949258102931,1306081.615755316,3.949258102931004e-06,0.7919052124023438
adafnn-n2000-lambda0.001-seed14,14,2000,0.001,True,False,0.6743986811109086,full_cmaes,2000,16015.595215713249,15670.49427574993,352.93618710119154,0.0122623234432798,1306081.615755317,1.2262323443279849e-05,0.4720460414886475
adafnn-n2000-lambda0.01-seed02,2,2000,0.01,True,False,0.6283820044538081,constant_in_u_cmaes,2000,3.0091030112089354e-11,2.1744783062704716e-11,8.357119440915993e-12,2.303916520154637e-17,1306081.615755317,2.3039165201546373e-19,0.4470254898071289
adafnn-n2000-lambda0.01-seed03,3,2000,0.01,True,False,0.6344382033335885,full_cmaes,2000,219.05467340947936,218.8562542383608,0.307847298237732,0.000167718977717,1306081.615755317,1.6771897771702296e-06,0.7848343849182129
adafnn-n2000-lambda0.01-seed07,7,2000,0.01,True,False,0.7159146347898527,full_cmaes,2000,20078.086269144485,18961.23694753407,1126.3299400841788,0.015372765397615,1306081.615755317,0.0001537276539761,0.4785692691802978
adafnn-n2000-lambda0.01-seed15,15,2000,0.01,True,False,0.5993904339251899,constant_in_u_cmaes,2000,5.7215686410927445e-11,3.5630501384082566e-11,2.160300027753692e-11,4.3807129447909104e-17,1306081.615755317,4.38071294479091e-19,0.9430050849914552
adafnn-n2000-lambda0.01-seed16,16,2000,0.01,True,False,0.550802496260911,constant_in_u_cmaes,2000,5.600725216936553e-11,5.353132422356865e-12,5.065679631321984e-11,4.288189305610592e-17,1306081.615755317,4.2881893056105923e-19,0.5213168621063232
adafnn-n2000-lambda0.01-seed18,18,2000,0.01,True,False,0.6356710009642313,full_cmaes,2000,6074.756726013293,5957.853063502451,119.88258904259328,0.0046511310263717,1306081.615755317,4.651131026371744e-05,0.4401110172271728
adafnn-n2000-lambda0.1-seed05,5,2000,0.1,True,False,0.610467119400518,constant_in_u_cmaes,2000,1.1497706964291866e-10,7.375624828801565e-11,4.1257699479047006e-11,8.803207108648154e-17,1306081.615755316,8.803207108648155e-18,0.9220976829528807
adafnn-n2000-lambda0.1-seed13,13,2000,0.1,True,False,0.6227618436902045,zero_action,2000,0.0,0.0,0.0,0.0,1306081.615755316,0.0,0.687910795211792
adafnn-n4000-lambda0.0001-seed01,1,4000,0.0001,True,False,0.5591344512517643,constant_in_u_cmaes,4000,1.1630664945049813e-10,6.49324438813924e-11,5.139043868007609e-11,8.905006245205988e-17,1306081.615755316,8.905006245205988e-21,0.9837019920349122
adafnn-n4000-lambda0.0001-seed08,8,4000,0.0001,True,False,0.5477213653314025,constant_in_u_cmaes,4000,5.8118868153368095e-11,7.973425765377144e-14,5.803915382927874e-11,4.4498649588416037e-17,1306081.615755317,4.449864958841605e-21,0.7906297206878662
adafnn-n4000-lambda0.0001-seed10,10,4000,0.0001,True,False,0.6539714798227092,full_cmaes,4000,75149.0014447963,56138.12751606712,19024.90846060821,0.0575377530303395,1306081.615755317,5.753775303033958e-06,0.5085850715637207
adafnn-n4000-lambda0.0001-seed16,16,4000,0.0001,True,False,0.7438098880097039,full_cmaes,4000,58730.95662310187,53434.01991698525,5310.295211095865,0.0449672944742716,1306081.615755317,4.496729447427167e-06,0.505894660949707
adafnn-n4000-lambda0.0001-seed19,19,4000,0.0001,True,False,0.5469625934526013,full_cmaes,4000,5.7235691954527725e-11,1.814980854079779e-24,5.723569195452591e-11,4.3822446671089446e-17,1306081.615755317,4.382244667108945e-21,0.5182287693023682
adafnn-n4000-lambda0.001-seed00,0,4000,0.001,True,False,0.5086225419901454,full_cmaes,4000,35655.972382860295,31334.28195454504,4329.523998803892,0.0272999573324827,1306081.615755317,2.729995733248276e-05,0.4811300277709961
adafnn-n4000-lambda0.001-seed06,6,4000,0.001,True,False,0.5949737919761237,constant_in_u_cmaes,4000,5.8103833069079405e-11,3.6685267432212726e-11,2.142773695372474e-11,4.44871379921212e-17,1306081.615755317,4.4487137992121205e-20,0.9674753189086914
adafnn-n4000-lambda0.001-seed17,17,4000,0.001,True,False,0.6119873762591156,constant_in_u_cmaes,4000,1.1528338264587529e-10,1.1180647704339736e-10,3.5048572217388106e-12,8.826659931141144e-17,1306081.615755316,8.826659931141144e-20,0.9480790138244628
adafnn-n4000-lambda0.001-seed18,18,4000,0.001,True,False,0.6171920229271332,zero_action,4000,0.0,0.0,0.0,0.0,1306081.615755317,0.0,0.5029239654541016
adafnn-n4000-lambda0.01-seed02,2,4000,0.01,True,False,0.506937616824189,constant_in_u_cmaes,4000,5.6752323942244836e-11,5.5095954102351845e-11,1.670143828418583e-12,4.3452356466578505e-17,1306081.615755317,4.34523564665785e-19,0.8900901794433593
adafnn-n4000-lambda0.01-seed04,4,4000,0.01,True,False,0.6164564799238742,constant_in_u_cmaes,4000,5.789754830203354e-11,2.1287293922890847e-11,3.661557620262341e-11,4.4329196279629844e-17,1306081.615755317,4.432919627962984e-19,0.9352251052856444
adafnn-n4000-lambda0.01-seed05,5,4000,0.01,True,False,0.5981651194803862,constant_in_u_cmaes,4000,1.1578371841868813e-10,1.0190731837411977e-10,1.3901876874161895e-11,8.864968086372583e-17,1306081.615755316,8.864968086372584e-19,0.9705552101135254
adafnn-n4000-lambda0.01-seed11,11,4000,0.01,True,False,0.5863250538386141,full_cmaes,4000,5.8122506132175185e-11,0.0,5.8122506132175185e-11,4.450143500302048e-17,1306081.615755317,4.450143500302047e-19,0.7492271423339844
adafnn-n4000-lambda0.1-seed03,3,4000,0.1,True,False,0.5338556650908327,constant_in_u_cmaes,4000,5.7573739766492944e-11,5.6762876164438044e-11,8.25054321096017e-13,4.408127261878472e-17,1306081.615755317,4.4081272618784725e-18,0.8893109321594238
adafnn-n4000-lambda0.1-seed07,7,4000,0.1,True,False,0.6080480574537145,constant_in_u_cmaes,4000,5.7996256898885336e-11,5.001486969053161e-12,5.299602030157444e-11,4.440477241182639e-17,1306081.615755317,4.440477241182639e-18,0.913041877746582
adafnn-n4000-lambda0.1-seed09,9,4000,0.1,True,False,0.5571792838101142,constant_in_u_cmaes,4000,1.1507340305660347e-10,8.260123443660133e-11,3.2492818928611296e-11,8.810582866221247e-17,1306081.615755316,8.810582866221247e-18,0.950684642791748
adafnn-n4000-lambda0.1-seed14,14,4000,0.1,True,False,0.6174050586853537,zero_action,4000,0.0,0.0,0.0,0.0,1306081.615755317,0.0,0.5643537521362305
adafnn-n4000-lambda0.1-seed15,15,4000,0.1,True,False,0.5951482719970345,constant_in_u_cmaes,4000,5.788765754715176e-11,5.0710502459732e-11,7.189832713034693e-12,4.432162343367408e-17,1306081.615755317,4.432162343367408e-18,0.9254827499389648
adafnn-n4000-lambda1-seed12,12,4000,1.0,True,False,0.6393602065537984,constant_in_u_cmaes,4000,3.45822954070279e-11,2.5026770335838143e-11,9.561781763773714e-12,2.647789769786224e-17,1306081.615755317,2.647789769786224e-17,0.4110383033752441
adafnn-n4000-lambda1-seed13,13,4000,1.0,True,False,0.6227618436700922,zero_action,4000,0.0,0.0,0.0,0.0,1306081.615755316,0.0,0.6137613296508789
adafnn-n8000-lambda0.0001-seed00,0,8000,0.0001,False,True,0.5507565479309232,constant_in_u_cmaes,8000,5.6828774575024e-11,1.4350994590847426e-11,4.2479573858500434e-11,4.351089081225562e-17,1306081.615755317,4.351089081225562e-21,0.7547338962554931
adafnn-n8000-lambda0.0001-seed01,1,8000,0.0001,False,True,0.5090093787218042,constant_in_u_cmaes,8000,1.1633097329877274e-10,8.592064327175914e-11,3.042107010742257e-11,8.906868598062132e-17,1306081.615755316,8.906868598062133e-21,0.6261180877685547
adafnn-n8000-lambda0.0001-seed02,2,8000,0.0001,True,True,0.5083161004325994,constant_in_u_cmaes,8000,5.789221546592671e-11,2.975439944159047e-11,2.814153532426644e-11,4.4325113199336467e-17,1306081.615755317,4.4325113199336465e-21,0.5943132400512695
adafnn-n8000-lambda0.0001-seed03,3,8000,0.0001,True,True,0.5281067334801954,full_cmaes,8000,5.810972680819759e-11,5.133578261960693e-11,6.780361161418109e-12,4.4491650527208656e-17,1306081.615755317,4.4491650527208665e-21,0.8972135543823242
adafnn-n8000-lambda0.0001-seed04,4,8000,0.0001,False,True,0.5131935482057117,constant_in_u_cmaes,8000,5.766106170312924e-11,4.2721613386979275e-11,1.494478851782333e-11,4.41481305666977e-17,1306081.615755317,4.41481305666977e-21,0.9801542282104492
adafnn-n8000-lambda0.0001-seed05,5,8000,0.0001,True,True,0.7025048849964156,full_cmaes,8000,69312.66683763161,60430.13140993641,8890.089194121436,0.0530691696456868,1306081.615755316,5.306916964568683e-06,0.4920445442199707
adafnn-n8000-lambda0.0001-seed06,6,8000,0.0001,False,True,0.5061907462013107,constant_in_u_cmaes,8000,5.750191434117369e-11,3.692541809261381e-11,2.0581111925821464e-11,4.402627955828005e-17,1306081.615755317,4.402627955828005e-21,0.6162129402160644
adafnn-n8000-lambda0.0001-seed07,7,8000,0.0001,False,True,0.5744700175292929,full_cmaes,8000,58320.47075738689,40213.07568237391,18112.421709473278,0.0446530064077655,1306081.615755317,4.46530064077655e-06,0.9825942993164064
adafnn-n8000-lambda0.0001-seed08,8,8000,0.0001,False,True,0.5195821800461303,constant_in_u_cmaes,8000,5.770440481001059e-11,5.757157459989935e-11,1.4002665693623886e-13,4.4181316170383203e-17,1306081.615755317,4.41813161703832e-21,0.6928966522216797
adafnn-n8000-lambda0.0001-seed09,9,8000,0.0001,False,True,0.5283465279226616,constant_in_u_cmaes,8000,1.1581744985278419e-10,1.223104370351073e-10,0.0,8.867550730036588e-17,1306081.615755316,8.86755073003659e-21,0.7682464599609375
adafnn-n8000-lambda0.0001-seed10,10,8000,0.0001,False,True,0.5070862216480385,constant_in_u_cmaes,8000,5.8050723339420064e-11,6.064670478248157e-11,0.0,4.4446474584093185e-17,1306081.615755317,4.44464745840932e-21,0.6543567657470704
adafnn-n8000-lambda0.0001-seed11,11,8000,0.0001,False,True,0.5392183590490419,full_cmaes,8000,31764.52967268882,28624.79330721861,3143.3144646336186,0.0243204783602433,1306081.615755317,2.4320478360243324e-06,0.922393798828125
adafnn-n8000-lambda0.0001-seed12,12,8000,0.0001,False,True,0.5283667419150441,constant_in_u_cmaes,8000,5.560800531156929e-11,4.2805652675821375e-11,1.2807703342332389e-11,4.2576210124059315e-17,1306081.615755317,4.257621012405933e-21,0.9788062095642088
adafnn-n8000-lambda0.0001-seed13,13,8000,0.0001,True,True,0.5993135904350645,constant_in_u_cmaes,8000,1.1627250984247439e-10,9.491139038315563e-11,2.137298338311666e-11,8.902392349748619e-17,1306081.615755316,8.90239234974862e-21,0.970964813232422
adafnn-n8000-lambda0.0001-seed14,14,8000,0.0001,False,True,0.5174287679129892,constant_in_u_cmaes,8000,5.791449808612015e-11,4.7696666802011686e-11,1.0223793367458712e-11,4.434217386378856e-17,1306081.615755317,4.4342173863788555e-21,0.5501056671142578
adafnn-n8000-lambda0.0001-seed15,15,8000,0.0001,False,True,0.5013453579981119,constant_in_u_cmaes,8000,5.7823093868591965e-11,5.845853872791327e-11,0.0,4.427219032185246e-17,1306081.615755317,4.4272190321852456e-21,0.5588643074035644
adafnn-n8000-lambda0.0001-seed16,16,8000,0.0001,True,True,0.8575263841980254,full_cmaes,8000,37187.05087698254,33361.37268837939,3829.848360189193,0.0284722259531055,1306081.615755317,2.847222595310553e-06,0.506532859802246
adafnn-n8000-lambda0.0001-seed17,17,8000,0.0001,False,True,0.5032616612620676,full_cmaes,8000,21547.133370228326,20874.05983916366,675.6827885445637,0.0164975397481324,1306081.615755316,1.6497539748132414e-06,0.8297504425048828
adafnn-n8000-lambda0.0001-seed18,18,8000,0.0001,False,True,0.4998895873841206,constant_in_u_cmaes,8000,5.762641563933357e-11,4.487823095323246e-11,1.2753794464970267e-11,4.4121603844800907e-17,1306081.615755317,4.412160384480091e-21,0.6255166053771972
adafnn-n8000-lambda0.0001-seed19,19,8000,0.0001,True,True,0.6858153845179211,full_cmaes,8000,54375.10129978155,50521.41309617232,3860.0033802462494,0.0416322384787079,1306081.615755317,4.163223847870795e-06,0.4626618385314941
adafnn-n8000-lambda0.001-seed00,0,8000,0.001,False,True,0.5569675118134165,full_cmaes,8000,8468.294989113243,8043.229454414778,426.07093838026685,0.00648374105183,1306081.615755317,6.48374105183003e-06,0.6848044395446777
adafnn-n8000-lambda0.001-seed01,1,8000,0.001,False,True,0.5082074563059547,full_cmaes,8000,314.54240225351293,314.23147879308664,0.350202395275403,0.000240829055749,1306081.615755316,2.408290557490245e-07,0.6264370918273926
adafnn-n8000-lambda0.001-seed02,2,8000,0.001,False,True,0.5044709217037049,constant_in_u_cmaes,8000,5.754241527711201e-11,5.4307629610574825e-11,3.2415741202385124e-12,4.405728905680584e-17,1306081.615755317,4.4057289056805836e-20,0.869618034362793
adafnn-n8000-lambda0.001-seed03,3,8000,0.001,False,True,0.5070704632442479,constant_in_u_cmaes,8000,5.744890785308599e-11,4.3304903328447535e-11,1.4149417637554508e-11,4.398569519705156e-17,1306081.615755317,4.3985695197051556e-20,0.8208963394165039
adafnn-n8000-lambda0.001-seed04,4,8000,0.001,False,True,0.5044431435893891,full_cmaes,8000,69171.75115672997,55577.54066503217,13601.157684280925,0.0529612777044774,1306081.615755317,5.296127770447746e-05,0.9640589714050292
adafnn-n8000-lambda0.001-seed05,5,8000,0.001,False,True,0.5030716675069186,constant_in_u_cmaes,8000,1.1566991275913096e-10,8.547062872709361e-11,3.020996786062825e-11,8.856254568152562e-17,1306081.615755316,8.856254568152563e-20,0.642052173614502
adafnn-n8000-lambda0.001-seed06,6,8000,0.001,False,True,0.5174281695635098,constant_in_u_cmaes,8000,5.7811583076272645e-11,5.271948887082361e-11,5.098684141557897e-12,4.4263377095955656e-17,1306081.615755317,4.4263377095955663e-20,0.8684493064880371
adafnn-n8000-lambda0.001-seed07,7,8000,0.001,True,True,0.6242145133655809,constant_in_u_cmaes,8000,5.8023182702982014e-11,5.2431064837656506e-11,5.598671748430208e-12,4.4425388125095656e-17,1306081.615755317,4.442538812509567e-20,0.9799396514892578
adafnn-n8000-lambda0.001-seed08,8,8000,0.001,True,True,0.6107851867887671,constant_in_u_cmaes,8000,5.7932417973916017e-11,4.6354255351020046e-11,1.1583956904814836e-11,4.43558942068205e-17,1306081.615755317,4.4355894206820496e-20,0.5010653495788574
adafnn-n8000-lambda0.001-seed09,9,8000,0.001,True,True,0.6231777481974968,constant_in_u_cmaes,8000,1.1540011968236284e-10,7.01041573974196e-11,4.530472530461793e-11,8.835597889924067e-17,1306081.615755316,8.835597889924066e-20,0.4943530559539795
adafnn-n8000-lambda0.001-seed10,10,8000,0.001,True,True,0.7728864583016998,full_cmaes,8000,107241.25361678522,105032.16167961608,2222.2209573791188,0.0821091517736178,1306081.615755316,8.210915177361781e-05,0.4939599990844726
adafnn-n8000-lambda0.001-seed11,11,8000,0.001,True,True,0.5494851954608726,full_cmaes,8000,5.7741793568766294e-11,5.021552561614945e-16,5.774129147627955e-11,4.420994283375911e-17,1306081.615755317,4.420994283375911e-20,0.9846595764160156
adafnn-n8000-lambda0.001-seed12,12,8000,0.001,False,True,0.5014887765484911,full_cmaes,8000,27123.50890071037,25371.930220444887,1754.7501715430444,0.0207670857422065,1306081.615755317,2.0767085742206574e-05,0.962219524383545
adafnn-n8000-lambda0.001-seed13,13,8000,0.001,False,True,0.5993138232881556,constant_in_u_cmaes,8000,1.1627250984247439e-10,9.491139038315563e-11,2.137298338311666e-11,8.902392349748619e-17,1306081.615755316,8.902392349748619e-20,0.970964813232422
adafnn-n8000-lambda0.001-seed14,14,8000,0.001,False,True,0.4983066777517314,constant_in_u_cmaes,8000,5.7352956162048936e-11,4.337309198023887e-11,1.3985285818307602e-11,4.391222988685993e-17,1306081.615755317,4.391222988685993e-20,0.6248298645019531
adafnn-n8000-lambda0.001-seed15,15,8000,0.001,False,True,0.5046615083648271,constant_in_u_cmaes,8000,5.7720704660368935e-11,5.1080147126835346e-11,6.646942551924434e-12,4.41937961334741e-17,1306081.615755317,4.41937961334741e-20,0.8314990997314453
adafnn-n8000-lambda0.001-seed16,16,8000,0.001,False,True,0.5018898518996688,constant_in_u_cmaes,8000,5.680265502405746e-11,3.9739394728324505e-11,1.706822772007399e-11,4.349089240583794e-17,1306081.615755317,4.349089240583794e-20,0.6434965133666992
adafnn-n8000-lambda0.001-seed17,17,8000,0.001,False,True,0.5138409663556809,constant_in_u_cmaes,8000,1.1619476225632751e-10,1.0683370588843248e-10,9.374410581131088e-12,8.896439614084246e-17,1306081.615755316,8.896439614084247e-20,0.745357084274292
adafnn-n8000-lambda0.001-seed18,18,8000,0.001,False,True,0.5005368651833361,constant_in_u_cmaes,8000,5.7664230723730727e-11,6.006988514140996e-11,0.0,4.4150556923950765e-17,1306081.615755317,4.415055692395077e-20,0.5529411792755127
adafnn-n8000-lambda0.001-seed19,19,8000,0.001,False,True,0.5154851976152065,constant_in_u_cmaes,8000,5.795678958975259e-11,6.504687858061401e-11,0.0,4.4374554308564963e-17,1306081.615755317,4.4374554308564965e-20,0.6532220840454102
adafnn-n8000-lambda0.01-seed00,0,8000,0.01,True,True,0.5619854800407101,constant_in_u_cmaes,8000,5.649199152912843e-11,3.5816171964317754e-11,2.0680296586306212e-11,4.325303323135643e-17,1306081.615755317,4.325303323135643e-19,0.8342430114746093
adafnn-n8000-lambda0.01-seed01,1,8000,0.01,True,True,0.5699528604573129,constant_in_u_cmaes,8000,1.1415814782367305e-10,8.410505068709258e-11,3.006361026791637e-11,8.740506446655298e-17,1306081.615755316,8.740506446655297e-19,0.5908280849456787
adafnn-n8000-lambda0.01-seed02,2,8000,0.01,False,True,0.5001529502714699,constant_in_u_cmaes,8000,5.772555056182682e-11,5.4955988531265344e-11,2.77643152912788e-12,4.41975063927714e-17,1306081.615755317,4.41975063927714e-19,0.6183417320251465
adafnn-n8000-lambda0.01-seed03,3,8000,0.01,False,True,0.5152028107193962,constant_in_u_cmaes,8000,5.781874534704912e-11,5.127149178194801e-11,6.553662501573857e-12,4.426886088095812e-17,1306081.615755317,4.426886088095813e-19,0.8214245796203613
adafnn-n8000-lambda0.01-seed04,4,8000,0.01,False,True,0.5112228789802534,full_cmaes,8000,43805.70821931273,37345.66441594975,6464.712011414966,0.0335397939078864,1306081.615755317,0.0003353979390788,0.964921760559082
adafnn-n8000-lambda0.01-seed05,5,8000,0.01,False,True,0.5426740488015708,constant_in_u_cmaes,8000,1.1317586512404888e-10,1.241688593841787e-10,0.0,8.665298076230747e-17,1306081.615755316,8.665298076230748e-19,0.4922799587249756
adafnn-n8000-lambda0.01-seed06,6,8000,0.01,True,True,0.6459608093626852,full_cmaes,8000,44681.96221774322,39530.04141640385,5156.8620565164165,0.0342106968498314,1306081.615755317,0.0003421069684983,0.6789132118225097
adafnn-n8000-lambda0.01-seed07,7,8000,0.01,False,True,0.6242145133589344,constant_in_u_cmaes,8000,5.8023182702982014e-11,5.2431064837656506e-11,5.598671748430208e-12,4.4425388125095656e-17,1306081.615755317,4.442538812509566e-19,0.9799396514892578
adafnn-n8000-lambda0.01-seed08,8,8000,0.01,False,True,0.5539569063993321,constant_in_u_cmaes,8000,5.8083209353299023e-11,2.1581363635648434e-11,3.650454338810505e-11,4.447134746606862e-17,1306081.615755317,4.447134746606863e-19,0.5179062843322754
adafnn-n8000-lambda0.01-seed09,9,8000,0.01,False,True,0.5001049566102682,full_cmaes,8000,54.98000289871063,54.94229565862317,0.044575027044786,4.209538074457569e-05,1306081.615755316,4.209538074457569e-07,0.5827455520629883
adafnn-n8000-lambda0.01-seed10,10,8000,0.01,False,True,0.5304443295946735,constant_in_u_cmaes,8000,8.184994015891789e-11,5.832987532996549e-11,2.3527356063368637e-11,6.266831962992105e-17,1306081.615755316,6.266831962992106e-19,0.4996339797973633
adafnn-n8000-lambda0.01-seed11,11,8000,0.01,False,True,0.5498405052308584,constant_in_u_cmaes,8000,5.7957812771292086e-11,5.838934097930007e-11,0.0,4.437533770642245e-17,1306081.615755317,4.437533770642247e-19,0.972023105621338
adafnn-n8000-lambda0.01-seed12,12,8000,0.01,False,True,0.5110817866372562,full_cmaes,8000,17134.65865097137,15900.547703864007,1236.0985155703474,0.0131191331722882,1306081.615755317,0.0001311913317228,0.9883808135986328
adafnn-n8000-lambda0.01-seed13,13,8000,0.01,False,True,0.5993138232881556,constant_in_u_cmaes,8000,1.1627250984247439e-10,9.491139038315563e-11,2.137298338311666e-11,8.902392349748619e-17,1306081.615755316,8.90239234974862e-19,0.970964813232422
adafnn-n8000-lambda0.01-seed14,14,8000,0.01,False,True,0.5375418785327418,constant_in_u_cmaes,8000,5.775832079280008e-11,6.031327645232166e-11,0.0,4.4222596885262786e-17,1306081.615755317,4.422259688526279e-19,0.5990779876708985
adafnn-n8000-lambda0.01-seed15,15,8000,0.01,False,True,0.5043712019861691,full_cmaes,8000,150.58901429557525,150.55819927762792,0.0496347928570344,0.0001152983186341,1306081.615755317,1.1529831863416014e-06,0.7033163070678711
adafnn-n8000-lambda0.01-seed16,16,8000,0.01,False,True,0.5871585150917918,constant_in_u_cmaes,8000,5.810388614690965e-11,5.5672752846374446e-11,2.438092394640992e-12,4.4487178631105466e-17,1306081.615755317,4.448717863110547e-19,0.600764799118042
adafnn-n8000-lambda0.01-seed17,17,8000,0.01,False,True,0.5104170498234093,full_cmaes,8000,31308.735364094384,28160.73370274921,3151.521753058012,0.023971499932635,1306081.615755316,0.0002397149993263,0.6872076988220215
adafnn-n8000-lambda0.01-seed18,18,8000,0.01,True,True,0.5023003371925165,full_cmaes,8000,1446.3808702697768,1442.652544108544,3.9086577292462152,0.0011074199750015,1306081.615755317,1.1074199750015805e-05,0.7342764854431152
adafnn-n8000-lambda0.01-seed19,19,8000,0.01,False,True,0.5012758548116291,constant_in_u_cmaes,8000,5.787256185385559e-11,4.931373735276207e-11,8.564988718262611e-12,4.431006543215712e-17,1306081.615755317,4.4310065432157125e-19,0.6292771816253662
adafnn-n8000-lambda0.1-seed00,0,8000,0.1,False,True,0.5013784646644022,constant_in_u_cmaes,8000,5.80575729713928e-11,4.422304286320511e-11,1.3840057988545599e-11,4.4451718997528083e-17,1306081.615755317,4.4451718997528094e-18,0.7627591133117676
adafnn-n8000-lambda0.1-seed01,1,8000,0.1,False,True,0.5515267454748249,constant_in_u_cmaes,8000,1.1636826258154544e-10,0.0,1.1636826258154544e-10,8.909723648031662e-17,1306081.615755316,8.909723648031664e-18,0.5641371250152588
adafnn-n8000-lambda0.1-seed02,2,8000,0.1,False,True,0.5060047379381755,constant_in_u_cmaes,8000,5.7743442027913264e-11,4.862738096230673e-11,9.122139488226825e-12,4.4211204974751736e-17,1306081.615755317,4.4211204974751755e-18,0.8467012405395508
adafnn-n8000-lambda0.1-seed03,3,8000,0.1,False,True,0.5135534931663637,constant_in_u_cmaes,8000,5.747558162738642e-11,4.273416669356981e-11,1.474675670465331e-11,4.4006117943975375e-17,1306081.615755317,4.400611794397538e-18,0.8531007766723633
adafnn-n8000-lambda0.1-seed04,4,8000,0.1,True,True,0.5512373460789926,constant_in_u_cmaes,8000,5.763020993754253e-11,1.4148979025537442e-11,4.348299953438328e-11,4.412450894518911e-17,1306081.615755317,4.412450894518911e-18,0.9823431015014648
adafnn-n8000-lambda0.1-seed05,5,8000,0.1,False,True,0.5432918090881542,constant_in_u_cmaes,8000,1.1532771537758891e-10,1.0150212151107159e-10,1.38382816317062e-11,8.830054262029721e-17,1306081.615755316,8.830054262029722e-18,0.7144493103027344
adafnn-n8000-lambda0.1-seed06,6,8000,0.1,False,True,0.5901622291081394,constant_in_u_cmaes,8000,5.785582146700108e-11,3.6012922749058903e-11,2.184740033328581e-11,4.429724817276646e-17,1306081.615755317,4.429724817276646e-18,0.8369331359863281
adafnn-n8000-lambda0.1-seed07,7,8000,0.1,False,True,0.6242145133589344,constant_in_u_cmaes,8000,5.8023182702982014e-11,5.2431064837656506e-11,5.598671748430208e-12,4.4425388125095656e-17,1306081.615755317,4.442538812509566e-18,0.9799396514892578
adafnn-n8000-lambda0.1-seed08,8,8000,0.1,False,True,0.5049570292772136,constant_in_u_cmaes,8000,5.775502387450615e-11,4.240571633752066e-11,1.5354608251527673e-11,4.422007260327754e-17,1306081.615755317,4.422007260327755e-18,0.7190639495849609
adafnn-n8000-lambda0.1-seed09,9,8000,0.1,False,True,0.4980061321458811,constant_in_u_cmaes,8000,1.1621484219404009e-10,1.2115790633820504e-10,0.0,8.897977032379577e-17,1306081.615755316,8.897977032379579e-18,0.7019322395324707
adafnn-n8000-lambda0.1-seed10,10,8000,0.1,False,True,0.5302771436045416,constant_in_u_cmaes,8000,1.1567875191076382e-10,1.1362982375117968e-10,2.063131887553018e-12,8.856931336857231e-17,1306081.615755316,8.856931336857231e-18,0.9527194023132324
adafnn-n8000-lambda0.1-seed11,11,8000,0.1,False,True,0.5006890087601847,full_cmaes,8000,11824.973689310842,11027.356534742235,798.9955741354497,0.0090537785285894,1306081.615755317,0.0009053778528589,0.8322701454162598
adafnn-n8000-lambda0.1-seed12,12,8000,0.1,True,True,0.5457653295975076,constant_in_u_cmaes,8000,5.742932529528844e-11,8.770292933224122e-12,4.866012864868097e-11,4.397070183250119e-17,1306081.615755317,4.397070183250119e-18,0.9942360877990722
adafnn-n8000-lambda0.1-seed13,13,8000,0.1,False,True,0.5993135904350645,constant_in_u_cmaes,8000,1.1627250984247439e-10,9.491139038315563e-11,2.137298338311666e-11,8.902392349748619e-17,1306081.615755316,8.90239234974862e-18,0.970964813232422
adafnn-n8000-lambda0.1-seed14,14,8000,0.1,True,True,0.549607570794353,constant_in_u_cmaes,8000,5.750694498374287e-11,7.405439053852587e-14,5.7432899850003155e-11,4.4030131264412715e-17,1306081.615755317,4.403013126441272e-18,0.8209787368774414
adafnn-n8000-lambda0.1-seed15,15,8000,0.1,True,True,0.5081285174304389,constant_in_u_cmaes,8000,5.801718572229219e-11,5.856321120423661e-11,0.0,4.442079654320869e-17,1306081.615755317,4.4420796543208695e-18,0.7276887416839599
adafnn-n8000-lambda0.1-seed16,16,8000,0.1,False,True,0.5266644150322152,constant_in_u_cmaes,8000,5.8070305897217615e-11,6.767814828788104e-11,0.0,4.4461467948643556e-17,1306081.615755317,4.4461467948643575e-18,0.6174310684204102
adafnn-n8000-lambda0.1-seed17,17,8000,0.1,False,True,0.5011852167783584,constant_in_u_cmaes,8000,1.1619219009162407e-10,1.1680811631801024e-10,0.0,8.896242676567294e-17,1306081.615755316,8.896242676567295e-18,0.9046263694763184
adafnn-n8000-lambda0.1-seed18,18,8000,0.1,False,True,0.5024732550262433,constant_in_u_cmaes,8000,5.444298523116231e-11,4.3108758357115294e-11,1.1339615468841656e-11,4.168421373857063e-17,1306081.615755317,4.168421373857063e-18,0.5933218002319336
adafnn-n8000-lambda0.1-seed19,19,8000,0.1,False,True,0.6457722940515798,constant_in_u_cmaes,8000,3.75770028426814e-11,1.7062976276727195e-11,2.0516159437988796e-11,2.8770792260903485e-17,1306081.615755317,2.877079226090349e-18,0.4410993576049805
adafnn-n8000-lambda1-seed00,0,8000,1.0,False,True,0.5013784646644022,constant_in_u_cmaes,8000,5.80575729713928e-11,4.422304286320511e-11,1.3840057988545599e-11,4.4451718997528083e-17,1306081.615755317,4.4451718997528083e-17,0.7627591133117676
adafnn-n8000-lambda1-seed01,1,8000,1.0,False,True,0.5281594930010161,constant_in_u_cmaes,8000,1.0769763747475735e-10,9.928280492186443e-11,8.427242903508149e-12,8.245858158908016e-17,1306081.615755316,8.245858158908016e-17,0.5108784675598145
adafnn-n8000-lambda1-seed02,2,8000,1.0,False,True,0.5060047379381714,constant_in_u_cmaes,8000,5.7743442027913264e-11,4.862738096230673e-11,9.122139488226825e-12,4.4211204974751736e-17,1306081.615755317,4.4211204974751736e-17,0.8467012405395508
adafnn-n8000-lambda1-seed03,3,8000,1.0,False,True,0.5135534931663636,constant_in_u_cmaes,8000,5.747558162738642e-11,4.273416669356981e-11,1.474675670465331e-11,4.4006117943975375e-17,1306081.615755317,4.4006117943975375e-17,0.8531007766723633
adafnn-n8000-lambda1-seed04,4,8000,1.0,False,True,0.4986711050765457,constant_in_u_cmaes,8000,5.737152974916171e-11,4.7800433223090014e-11,9.577071580224584e-12,4.39264507340786e-17,1306081.615755317,4.39264507340786e-17,0.9827306747436524
adafnn-n8000-lambda1-seed05,5,8000,1.0,False,True,0.499982833025354,constant_in_u_cmaes,8000,1.1548119260851308e-10,8.991280085070017e-11,2.557963085791925e-11,8.841805229892125e-17,1306081.615755316,8.841805229892125e-17,0.6152563095092773
adafnn-n8000-lambda1-seed06,6,8000,1.0,False,True,0.5865245670414018,constant_in_u_cmaes,8000,5.7915080731163467e-11,5.854427287303719e-11,0.0,4.43426199653463e-17,1306081.615755317,4.43426199653463e-17,0.5936983108520508
adafnn-n8000-lambda1-seed07,7,8000,1.0,False,True,0.6242145133589344,constant_in_u_cmaes,8000,5.8023182702982014e-11,5.2431064837656506e-11,5.598671748430208e-12,4.4425388125095656e-17,1306081.615755317,4.4425388125095656e-17,0.9799396514892578
adafnn-n8000-lambda1-seed08,8,8000,1.0,False,True,0.5554625221628668,constant_in_u_cmaes,8000,5.742416675502682e-11,4.800410733585031e-11,9.426059932593492e-12,4.396675220163633e-17,1306081.615755317,4.396675220163633e-17,0.7818778991699219
adafnn-n8000-lambda1-seed09,9,8000,1.0,False,True,0.4980061321458811,constant_in_u_cmaes,8000,1.1621484219404009e-10,1.2115790633820504e-10,0.0,8.897977032379577e-17,1306081.615755316,8.897977032379577e-17,0.7019322395324707
adafnn-n8000-lambda1-seed10,10,8000,1.0,False,True,0.5302787845198178,constant_in_u_cmaes,8000,1.1567875191076382e-10,1.1362982375117968e-10,2.063131887553018e-12,8.856931336857231e-17,1306081.615755316,8.856931336857231e-17,0.9527194023132324
adafnn-n8000-lambda1-seed11,11,8000,1.0,False,True,0.5118911954532512,constant_in_u_cmaes,8000,5.798090541020429e-11,3.543007872889751e-11,2.2555255441147895e-11,4.4393018560845056e-17,1306081.615755317,4.4393018560845056e-17,0.804962158203125
adafnn-n8000-lambda1-seed12,12,8000,1.0,False,True,0.5102218772550982,constant_in_u_cmaes,8000,5.7672004061259936e-11,3.5568900605062764e-11,2.210754956877281e-11,4.415650857156257e-17,1306081.615755317,4.415650857156257e-17,0.9652687072753906
adafnn-n8000-lambda1-seed13,13,8000,1.0,False,True,0.5993138232881556,constant_in_u_cmaes,8000,1.1627250984247439e-10,9.491139038315563e-11,2.137298338311666e-11,8.902392349748619e-17,1306081.615755316,8.902392349748619e-17,0.970964813232422
adafnn-n8000-lambda1-seed14,14,8000,1.0,False,True,0.5496075707942184,constant_in_u_cmaes,8000,5.750694498374287e-11,7.405439053852587e-14,5.7432899850003155e-11,4.4030131264412715e-17,1306081.615755317,4.4030131264412715e-17,0.8209787368774414
adafnn-n8000-lambda1-seed15,15,8000,1.0,False,True,0.5017875554145818,constant_in_u_cmaes,8000,5.7971043077031934e-11,5.5397923195040174e-11,2.5800446223911384e-12,4.438546747594088e-17,1306081.615755317,4.438546747594088e-17,0.7049347877502441
adafnn-n8000-lambda1-seed16,16,8000,1.0,False,True,0.5170931282796188,constant_in_u_cmaes,8000,5.8062646246526124e-11,5.135642646656163e-11,6.7126393332728195e-12,4.445560334523816e-17,1306081.615755317,4.445560334523816e-17,0.6134446144104004
adafnn-n8000-lambda1-seed17,17,8000,1.0,True,True,0.6094706736540582,constant_in_u_cmaes,8000,1.1509758479633091e-10,1.0803421842858367e-10,7.076870645050802e-12,8.812434338551591e-17,1306081.615755316,8.812434338551591e-17,0.9904877662658692
adafnn-n8000-lambda1-seed18,18,8000,1.0,False,True,0.4986196633803155,constant_in_u_cmaes,8000,5.6498599576570986e-11,5.648237538804365e-11,2.328448545085233e-14,4.3258092675852735e-17,1306081.615755317,4.3258092675852735e-17,0.7625170707702636
adafnn-n8000-lambda1-seed19,19,8000,1.0,False,True,0.5018431577948251,constant_in_u_cmaes,8000,5.747157416635673e-11,4.5281855469353985e-11,1.2195378928936403e-11,4.40030496357002e-17,1306081.615755317,4.40030496357002e-17,0.5384685516357421
adafnn-n16000-lambda0.0001-seed03,3,16000,0.0001,True,False,0.7214422578989657,full_cmaes,16000,77542.92589946737,62186.07401656743,15360.738512525975,0.0593706587429635,1306081.615755317,5.937065874296356e-06,0.478929328918457
adafnn-n16000-lambda0.0001-seed04,4,16000,0.0001,True,False,0.6120603002431898,zero_action,16000,0.0,0.0,0.0,0.0,1306081.615755317,0.0,0.6849976539611816
adafnn-n16000-lambda0.0001-seed08,8,16000,0.0001,True,False,0.683143326177043,full_cmaes,16000,70018.98994348227,54951.86342810281,15070.561006843716,0.0536099651804606,1306081.615755317,5.360996518046061e-06,0.4946566104888916
adafnn-n16000-lambda0.0001-seed14,14,16000,0.0001,True,False,0.6851785054914885,full_cmaes,16000,27674.584339863675,24416.474011439965,3259.6363580494253,0.0211890160660896,1306081.615755317,2.11890160660896e-06,0.4695772171020508
adafnn-n16000-lambda0.001-seed02,2,16000,0.001,True,False,0.656076387467223,full_cmaes,16000,28614.87240893673,26861.09279288493,1755.4584343513598,0.0219089466261176,1306081.615755317,2.190894662611765e-05,0.4853870391845703
adafnn-n16000-lambda0.001-seed07,7,16000,0.001,True,False,0.7641597693151982,full_cmaes,16000,59721.31855603255,45151.9040120469,14572.236537986406,0.0457255640349054,1306081.615755317,4.572556403490547e-05,0.481699275970459
adafnn-n16000-lambda0.001-seed12,12,16000,0.001,True,False,0.6811391301424286,full_cmaes,16000,69090.66639868915,61791.18030660365,7303.34804085466,0.0528991952457224,1306081.615755317,5.289919524572244e-05,0.5343040466308594
adafnn-n16000-lambda0.001-seed15,15,16000,0.001,True,False,0.6175524659549183,zero_action,16000,0.0,0.0,0.0,0.0,1306081.615755317,0.0,0.4942056179046631
adafnn-n16000-lambda0.001-seed18,18,16000,0.001,True,False,0.5483842160963199,full_cmaes,16000,5.812196235410738e-11,0.0,5.812196235410738e-11,4.4501018659921185e-17,1306081.615755317,4.45010186599212e-20,0.5359707355499268
adafnn-n16000-lambda0.01-seed00,0,16000,0.01,True,False,0.5644085698309504,constant_in_u_cmaes,16000,5.777994260824926e-11,5.7733752580149764e-11,4.9798387635746e-14,4.423915160526525e-17,1306081.615755317,4.423915160526524e-19,0.990378475189209
adafnn-n16000-lambda0.01-seed05,5,16000,0.01,True,False,0.6682835375583218,full_cmaes,16000,9675.249503812109,8666.345576373056,1009.445574037576,0.0074078444923343,1306081.615755316,7.407844492334306e-05,0.5049220085144043
adafnn-n16000-lambda0.01-seed06,6,16000,0.01,True,False,0.661548770696201,full_cmaes,16000,15546.32266824651,14547.372672322264,999.859206716268,0.0119030254164139,1306081.615755317,0.0001190302541641,0.5144994735717774
adafnn-n16000-lambda0.01-seed09,9,16000,0.01,True,False,0.5916552812828744,full_cmaes,16000,62331.09563747505,49886.0642800827,12448.14923640986,0.0477237370816436,1306081.615755316,0.0004772373708164,0.5580760955810546
adafnn-n16000-lambda0.01-seed10,10,16000,0.01,True,False,0.6938725479756199,full_cmaes,16000,14346.663344946155,13590.778374791164,756.7343938034173,0.010984507531445,1306081.615755316,0.0001098450753144,0.4850192070007324
adafnn-n16000-lambda0.01-seed11,11,16000,0.01,True,False,0.6544304239902208,full_cmaes,16000,13721.993697347849,12633.44766264928,1089.3356251774858,0.0105062298801383,1306081.615755317,0.0001050622988013,0.5272520065307618
adafnn-n16000-lambda0.01-seed13,13,16000,0.01,True,False,0.6053318951257576,constant_in_u_cmaes,16000,1.1633937901933675e-10,2.697382083374022e-11,8.936724404939867e-11,8.907512181163114e-17,1306081.615755316,8.907512181163115e-19,0.6542414665222168
adafnn-n16000-lambda0.01-seed16,16,16000,0.01,True,False,0.7513609986569397,full_cmaes,16000,26967.96020012501,25119.484829242887,1850.0453386839472,0.0206479900450395,1306081.615755317,0.0002064799004503,0.4921321868896484
adafnn-n16000-lambda0.01-seed19,19,16000,0.01,True,False,0.6762130535369046,full_cmaes,16000,39829.66118143072,35307.293563063504,4524.574324214904,0.0304955377221177,1306081.615755317,0.0003049553772211,0.7667133331298828
adafnn-n16000-lambda0.1-seed01,1,16000,0.1,True,False,0.6178501830440262,zero_action,16000,0.0,0.0,0.0,0.0,1306081.615755316,0.0,0.543912410736084
adafnn-n16000-lambda0.1-seed17,17,16000,0.1,True,False,0.6787151587994137,full_cmaes,16000,13177.232997874573,11378.219897198263,1799.724239419882,0.0100891344299751,1306081.615755316,0.0010089134429975,0.5339471340179444
adafnn-n32000-lambda0.0001-seed00,0,32000,0.0001,True,False,0.6139199212957815,zero_action,32000,0.0,0.0,0.0,0.0,1306081.615755317,0.0,0.5878848552703857
adafnn-n32000-lambda0.0001-seed02,2,32000,0.0001,True,False,0.7742178190296806,full_cmaes,32000,154473.8381955646,125185.5530112364,29292.19723285979,0.1182727299214231,1306081.615755317,1.1827272992142316e-05,0.5051454544067383
adafnn-n32000-lambda0.0001-seed03,3,32000,0.0001,True,False,0.7345390749216828,full_cmaes,32000,60378.59387758677,43548.90911505873,16831.04566593789,0.0462288061857982,1306081.615755317,4.622880618579825e-06,0.4819348812103271
adafnn-n32000-lambda0.0001-seed04,4,32000,0.0001,True,False,0.6647214016375912,full_cmaes,32000,50739.23846527295,41132.80792103842,9607.715944482065,0.0388484439664439,1306081.615755317,3.884844396644391e-06,0.5023222446441651
adafnn-n32000-lambda0.0001-seed09,9,32000,0.0001,True,False,0.6665429838487578,full_cmaes,32000,51530.74199353514,46817.36898114004,4714.836055175765,0.0394544578010422,1306081.615755316,3.9454457801042215e-06,0.5158261299133301
adafnn-n32000-lambda0.0001-seed12,12,32000,0.0001,True,False,0.7414842755749217,full_cmaes,32000,63504.01180518027,51828.20305113201,11677.428385393609,0.0486217790979742,1306081.615755317,4.862177909797422e-06,0.473120641708374
adafnn-n32000-lambda0.0001-seed13,13,32000,0.0001,True,False,0.719568495569803,full_cmaes,32000,37841.00957163427,35656.57362478117,2185.550214778872,0.0289729287321378,1306081.615755316,2.897292873213789e-06,0.4851709365844726
adafnn-n32000-lambda0.0001-seed15,15,32000,0.0001,True,False,0.7929824744958369,full_cmaes,32000,59103.47527925912,49082.26267581957,10022.746424148165,0.0452525129871605,1306081.615755317,4.525251298716055e-06,0.5402623653411865
adafnn-n32000-lambda0.0001-seed18,18,32000,0.0001,True,False,0.7458175237123464,full_cmaes,32000,51144.14542630573,44693.28948791241,6452.25260368982,0.0391584605505136,1306081.615755317,3.915846055051366e-06,0.4850628852844238
adafnn-n32000-lambda0.001-seed05,5,32000,0.001,True,False,0.6903677299988694,full_cmaes,32000,15772.23965303548,13017.567162813624,2755.079289195693,0.0120759985155401,1306081.615755316,1.2075998515540153e-05,0.4890813827514648
adafnn-n32000-lambda0.001-seed10,10,32000,0.001,True,False,0.8029503013323015,full_cmaes,32000,37403.87122378159,32884.420968031336,4520.47789390551,0.0286382342210296,1306081.615755316,2.8638234221029656e-05,0.5061740398406982
adafnn-n32000-lambda0.001-seed11,11,32000,0.001,True,False,0.7959086537126919,full_cmaes,32000,29604.800138274924,25375.65974795332,4229.9333796887295,0.0226668837392326,1306081.615755317,2.2666883739232668e-05,0.5003283500671387
adafnn-n32000-lambda0.01-seed01,1,32000,0.01,True,False,0.6190153213620884,constant_in_u_cmaes,32000,1.1601519922521673e-10,1.0226475854696939e-10,1.3753636451951928e-11,8.882691389704951e-17,1306081.615755316,8.882691389704951e-19,0.4767510890960693
adafnn-n32000-lambda0.01-seed06,6,32000,0.01,True,False,0.6703066685783459,full_cmaes,32000,13506.412359190002,12848.27127683154,658.5425908358629,0.0103411702578625,1306081.615755317,0.0001034117025786,0.4951516151428222
adafnn-n32000-lambda0.01-seed08,8,32000,0.01,True,False,0.5695536689984866,constant_in_u_cmaes,32000,5.810890435498095e-11,1.7985090900234623e-11,4.012437548883696e-11,4.449102081677807e-17,1306081.615755317,4.449102081677807e-19,0.6283322334289551
adafnn-n32000-lambda0.01-seed14,14,32000,0.01,True,False,0.7357043188506043,full_cmaes,32000,10223.98380410566,9005.1648391424,1219.100376364484,0.0078279823257393,1306081.615755317,7.82798232573931e-05,0.4967450618743896
adafnn-n32000-lambda0.01-seed16,16,32000,0.01,True,False,0.6638666517262457,full_cmaes,32000,17924.664015448037,17510.19772964352,415.0134794835685,0.0137239999393775,1306081.615755317,0.0001372399993937,0.51322021484375
adafnn-n32000-lambda0.01-seed19,19,32000,0.01,True,False,0.7364805515657732,full_cmaes,32000,31671.486202223907,27603.90171276536,4068.4471113870713,0.0242492397260396,1306081.615755317,0.0002424923972603,0.5081617355346679
adafnn-n32000-lambda0.1-seed07,7,32000,0.1,True,False,0.7446766187644598,full_cmaes,32000,7527.782503427939,7349.329496044791,178.6826739298995,0.0057636386674615,1306081.615755317,0.0005763638667461,0.5091991901397706
adafnn-n32000-lambda1-seed17,17,32000,1.0,True,False,0.5477847376442201,constant_in_u_cmaes,32000,1.1563177260143219e-10,7.392701568742709e-11,4.170706713324534e-11,8.85333437103481e-17,1306081.615755316,8.85333437103481e-17,0.6600951194763184
