selection_id,approximator,master_seed,n_subjects,t_per_subject,n_transitions,selected_fit_id,selected_lambda_dimensionless,selection_margin_over_runner_up,selected_at_lower_boundary,selected_at_upper_boundary
adafnn-n2000-seed00,adafnn,0,100,20,2000,adafnn-n2000-lambda0.001-seed00,0.001,0.0008248323502497,False,False
adafnn-n2000-seed01,adafnn,1,100,20,2000,adafnn-n2000-lambda0.001-seed01,0.001,0.0152658128895275,False,False
adafnn-n2000-seed02,adafnn,2,100,20,2000,adafnn-n2000-lambda0.01-seed02,0.01,0.0201023862985766,False,False
adafnn-n2000-seed03,adafnn,3,100,20,2000,adafnn-n2000-lambda0.01-seed03,0.01,0.126345725169113,False,False
adafnn-n2000-seed04,adafnn,4,100,20,2000,adafnn-n2000-lambda0.001-seed04,0.001,0.0577994778885708,False,False
adafnn-n2000-seed05,adafnn,5,100,20,2000,adafnn-n2000-lambda0.1-seed05,0.1,0.0,False,False
adafnn-n2000-seed06,adafnn,6,100,20,2000,adafnn-n2000-lambda0.0001-seed06,0.0001,0.0251176818183702,True,False
adafnn-n2000-seed07,adafnn,7,100,20,2000,adafnn-n2000-lambda0.01-seed07,0.01,0.0532502564973441,False,False
adafnn-n2000-seed08,adafnn,8,100,20,2000,adafnn-n2000-lambda0.0001-seed08,0.0001,0.0,True,False
adafnn-n2000-seed09,adafnn,9,100,20,2000,adafnn-n2000-lambda0.001-seed09,0.001,0.022512903959767,False,False
adafnn-n2000-seed10,adafnn,10,100,20,2000,adafnn-n2000-lambda0.001-seed10,0.001,0.0304910032865736,False,False
adafnn-n2000-seed11,adafnn,11,100,20,2000,adafnn-n2000-lambda0.0001-seed11,0.0001,0.0138160193604288,True,False
adafnn-n2000-seed12,adafnn,12,100,20,2000,adafnn-n2000-lambda0.0001-seed12,0.0001,0.0040111433862332,True,False
adafnn-n2000-seed13,adafnn,13,100,20,2000,adafnn-n2000-lambda0.1-seed13,0.1,0.0461769732515447,False,False
adafnn-n2000-seed14,adafnn,14,100,20,2000,adafnn-n2000-lambda0.001-seed14,0.001,0.1385003516647887,False,False
adafnn-n2000-seed15,adafnn,15,100,20,2000,adafnn-n2000-lambda0.01-seed15,0.01,0.0521401752388848,False,False
adafnn-n2000-seed16,adafnn,16,100,20,2000,adafnn-n2000-lambda0.01-seed16,0.01,0.0129620932007267,False,False
adafnn-n2000-seed17,adafnn,17,100,20,2000,adafnn-n2000-lambda0.0001-seed17,0.0001,0.0041922370306125,True,False
adafnn-n2000-seed18,adafnn,18,100,20,2000,adafnn-n2000-lambda0.01-seed18,0.01,0.0126214908794048,False,False
adafnn-n2000-seed19,adafnn,19,100,20,2000,adafnn-n2000-lambda0.0001-seed19,0.0001,0.0,True,False
adafnn-n4000-seed00,adafnn,0,200,20,4000,adafnn-n4000-lambda0.001-seed00,0.001,0.0005097906078215,False,False
adafnn-n4000-seed01,adafnn,1,200,20,4000,adafnn-n4000-lambda0.0001-seed01,0.0001,0.0,True,False
adafnn-n4000-seed02,adafnn,2,200,20,4000,adafnn-n4000-lambda0.01-seed02,0.01,0.0041198600012112,False,False
adafnn-n4000-seed03,adafnn,3,200,20,4000,adafnn-n4000-lambda0.1-seed03,0.1,0.0061350373822403,False,False
adafnn-n4000-seed04,adafnn,4,200,20,4000,adafnn-n4000-lambda0.01-seed04,0.01,0.043928706904884,False,False
adafnn-n4000-seed05,adafnn,5,200,20,4000,adafnn-n4000-lambda0.01-seed05,0.01,0.0432734492626795,False,False
adafnn-n4000-seed06,adafnn,6,200,20,4000,adafnn-n4000-lambda0.001-seed06,0.001,0.0170774516198396,False,False
adafnn-n4000-seed07,adafnn,7,200,20,4000,adafnn-n4000-lambda0.1-seed07,0.1,0.0,False,False
adafnn-n4000-seed08,adafnn,8,200,20,4000,adafnn-n4000-lambda0.0001-seed08,0.0001,0.0,True,False
adafnn-n4000-seed09,adafnn,9,200,20,4000,adafnn-n4000-lambda0.1-seed09,0.1,0.0,False,False
adafnn-n4000-seed10,adafnn,10,200,20,4000,adafnn-n4000-lambda0.0001-seed10,0.0001,0.0013332181262463,True,False
adafnn-n4000-seed11,adafnn,11,200,20,4000,adafnn-n4000-lambda0.01-seed11,0.01,0.0483321910332547,False,False
adafnn-n4000-seed12,adafnn,12,200,20,4000,adafnn-n4000-lambda1-seed12,1.0,0.0686703588980413,False,True
adafnn-n4000-seed13,adafnn,13,200,20,4000,adafnn-n4000-lambda1-seed13,1.0,0.0138997513325538,False,True
adafnn-n4000-seed14,adafnn,14,200,20,4000,adafnn-n4000-lambda0.1-seed14,0.1,0.0010605348632648,False,False
adafnn-n4000-seed15,adafnn,15,200,20,4000,adafnn-n4000-lambda0.1-seed15,0.1,0.0,False,False
adafnn-n4000-seed16,adafnn,16,200,20,4000,adafnn-n4000-lambda0.0001-seed16,0.0001,0.0440847937806827,True,False
adafnn-n4000-seed17,adafnn,17,200,20,4000,adafnn-n4000-lambda0.001-seed17,0.001,0.0832934913633406,False,False
adafnn-n4000-seed18,adafnn,18,200,20,4000,adafnn-n4000-lambda0.001-seed18,0.001,0.0238151219913166,False,False
adafnn-n4000-seed19,adafnn,19,200,20,4000,adafnn-n4000-lambda0.0001-seed19,0.0001,6.661338147750939e-16,True,False
adafnn-n8000-seed00,adafnn,0,400,20,8000,adafnn-n8000-lambda0.01-seed00,0.01,0.004552947415878,False,False
adafnn-n8000-seed01,adafnn,1,400,20,8000,adafnn-n8000-lambda0.01-seed01,0.01,0.0195878429659766,False,False
adafnn-n8000-seed02,adafnn,2,400,20,8000,adafnn-n8000-lambda0.0001-seed02,0.0001,0.0042313540310918,True,False
adafnn-n8000-seed03,adafnn,3,400,20,8000,adafnn-n8000-lambda0.0001-seed03,0.0001,0.0116519539637036,True,False
adafnn-n8000-seed04,adafnn,4,400,20,8000,adafnn-n8000-lambda0.1-seed04,0.1,0.0409054156051893,False,False
adafnn-n8000-seed05,adafnn,5,400,20,8000,adafnn-n8000-lambda0.0001-seed05,0.0001,0.1568290488609597,True,False
adafnn-n8000-seed06,adafnn,6,400,20,8000,adafnn-n8000-lambda0.01-seed06,0.01,0.0537062430772059,False,False
adafnn-n8000-seed07,adafnn,7,400,20,8000,adafnn-n8000-lambda0.001-seed07,0.001,0.0,False,False
adafnn-n8000-seed08,adafnn,8,400,20,8000,adafnn-n8000-lambda0.001-seed08,0.001,0.0562537677059331,False,False
adafnn-n8000-seed09,adafnn,9,400,20,8000,adafnn-n8000-lambda0.001-seed09,0.001,0.0962804174158717,False,False
adafnn-n8000-seed10,adafnn,10,400,20,8000,adafnn-n8000-lambda0.001-seed10,0.001,0.2422849511948579,False,False
adafnn-n8000-seed11,adafnn,11,400,20,8000,adafnn-n8000-lambda0.001-seed11,0.001,0.0013917597685479,False,False
adafnn-n8000-seed12,adafnn,12,400,20,8000,adafnn-n8000-lambda0.1-seed12,0.1,0.0240651317957406,False,False
adafnn-n8000-seed13,adafnn,13,400,20,8000,adafnn-n8000-lambda0.0001-seed13,0.0001,0.0,True,False
adafnn-n8000-seed14,adafnn,14,400,20,8000,adafnn-n8000-lambda0.1-seed14,0.1,0.0,False,False
adafnn-n8000-seed15,adafnn,15,400,20,8000,adafnn-n8000-lambda0.1-seed15,0.1,0.0042305762197696,False,False
adafnn-n8000-seed16,adafnn,16,400,20,8000,adafnn-n8000-lambda0.0001-seed16,0.0001,0.2728252909888425,True,False
adafnn-n8000-seed17,adafnn,17,400,20,8000,adafnn-n8000-lambda1-seed17,1.0,0.095514160619396,False,True
adafnn-n8000-seed18,adafnn,18,400,20,8000,adafnn-n8000-lambda0.01-seed18,0.01,0.0003579426876965,False,False
adafnn-n8000-seed19,adafnn,19,400,20,8000,adafnn-n8000-lambda0.0001-seed19,0.0001,0.0399228693817454,True,False
adafnn-n16000-seed00,adafnn,0,800,20,16000,adafnn-n16000-lambda0.01-seed00,0.01,0.0140919636358568,False,False
adafnn-n16000-seed01,adafnn,1,800,20,16000,adafnn-n16000-lambda0.1-seed01,0.1,0.0310789715204645,False,False
adafnn-n16000-seed02,adafnn,2,800,20,16000,adafnn-n16000-lambda0.001-seed02,0.001,0.0453210628299552,False,False
adafnn-n16000-seed03,adafnn,3,800,20,16000,adafnn-n16000-lambda0.0001-seed03,0.0001,0.0576334697624824,True,False
adafnn-n16000-seed04,adafnn,4,800,20,16000,adafnn-n16000-lambda0.0001-seed04,0.0001,0.0726042036058961,True,False
adafnn-n16000-seed05,adafnn,5,800,20,16000,adafnn-n16000-lambda0.01-seed05,0.01,0.0042958961758835,False,False
adafnn-n16000-seed06,adafnn,6,800,20,16000,adafnn-n16000-lambda0.01-seed06,0.01,0.0064523343934482,False,False
adafnn-n16000-seed07,adafnn,7,800,20,16000,adafnn-n16000-lambda0.001-seed07,0.001,0.0531243254112193,False,False
adafnn-n16000-seed08,adafnn,8,800,20,16000,adafnn-n16000-lambda0.0001-seed08,0.0001,0.0726507504902436,True,False
adafnn-n16000-seed09,adafnn,9,800,20,16000,adafnn-n16000-lambda0.01-seed09,0.01,0.0189425345724214,False,False
adafnn-n16000-seed10,adafnn,10,800,20,16000,adafnn-n16000-lambda0.01-seed10,0.01,0.035146132489353,False,False
adafnn-n16000-seed11,adafnn,11,800,20,16000,adafnn-n16000-lambda0.01-seed11,0.01,0.01168075238247,False,False
adafnn-n16000-seed12,adafnn,12,800,20,16000,adafnn-n16000-lambda0.001-seed12,0.001,0.1530120313527411,False,False
adafnn-n16000-seed13,adafnn,13,800,20,16000,adafnn-n16000-lambda0.01-seed13,0.01,0.0079987233550808,False,False
adafnn-n16000-seed14,adafnn,14,800,20,16000,adafnn-n16000-lambda0.0001-seed14,0.0001,0.0272447280998073,True,False
adafnn-n16000-seed15,adafnn,15,800,20,16000,adafnn-n16000-lambda0.001-seed15,0.001,0.0508768475567416,False,False
adafnn-n16000-seed16,adafnn,16,800,20,16000,adafnn-n16000-lambda0.01-seed16,0.01,0.0542721985591826,False,False
adafnn-n16000-seed17,adafnn,17,800,20,16000,adafnn-n16000-lambda0.1-seed17,0.1,0.1369453978648106,False,False
adafnn-n16000-seed18,adafnn,18,800,20,16000,adafnn-n16000-lambda0.001-seed18,0.001,0.0357634125232808,False,False
adafnn-n16000-seed19,adafnn,19,800,20,16000,adafnn-n16000-lambda0.01-seed19,0.01,0.1278156922009448,False,False
adafnn-n32000-seed00,adafnn,0,1600,20,32000,adafnn-n32000-lambda0.0001-seed00,0.0001,0.0173051334226786,True,False
adafnn-n32000-seed01,adafnn,1,1600,20,32000,adafnn-n32000-lambda0.01-seed01,0.01,0.0186632440491615,False,False
adafnn-n32000-seed02,adafnn,2,1600,20,32000,adafnn-n32000-lambda0.0001-seed02,0.0001,0.0761019594002464,True,False
adafnn-n32000-seed03,adafnn,3,1600,20,32000,adafnn-n32000-lambda0.0001-seed03,0.0001,0.0641401505576436,True,False
adafnn-n32000-seed04,adafnn,4,1600,20,32000,adafnn-n32000-lambda0.0001-seed04,0.0001,0.0004458971856551,True,False
adafnn-n32000-seed05,adafnn,5,1600,20,32000,adafnn-n32000-lambda0.001-seed05,0.001,0.0095561543800155,False,False
adafnn-n32000-seed06,adafnn,6,1600,20,32000,adafnn-n32000-lambda0.01-seed06,0.01,0.0022652456194338,False,False
adafnn-n32000-seed07,adafnn,7,1600,20,32000,adafnn-n32000-lambda0.1-seed07,0.1,0.0616747836622736,False,False
adafnn-n32000-seed08,adafnn,8,1600,20,32000,adafnn-n32000-lambda0.01-seed08,0.01,0.0128735196333596,False,False
adafnn-n32000-seed09,adafnn,9,1600,20,32000,adafnn-n32000-lambda0.0001-seed09,0.0001,0.0069256269211597,True,False
adafnn-n32000-seed10,adafnn,10,1600,20,32000,adafnn-n32000-lambda0.001-seed10,0.001,0.1324506914557794,False,False
adafnn-n32000-seed11,adafnn,11,1600,20,32000,adafnn-n32000-lambda0.001-seed11,0.001,0.0894328352991868,False,False
adafnn-n32000-seed12,adafnn,12,1600,20,32000,adafnn-n32000-lambda0.0001-seed12,0.0001,0.1357933979502912,True,False
adafnn-n32000-seed13,adafnn,13,1600,20,32000,adafnn-n32000-lambda0.0001-seed13,0.0001,0.0095729567405927,True,False
adafnn-n32000-seed14,adafnn,14,1600,20,32000,adafnn-n32000-lambda0.01-seed14,0.01,0.0352978019467536,False,False
adafnn-n32000-seed15,adafnn,15,1600,20,32000,adafnn-n32000-lambda0.0001-seed15,0.0001,0.0289791504033319,True,False
adafnn-n32000-seed16,adafnn,16,1600,20,32000,adafnn-n32000-lambda0.01-seed16,0.01,0.0028192909058325,False,False
adafnn-n32000-seed17,adafnn,17,1600,20,32000,adafnn-n32000-lambda1-seed17,1.0,0.0082646506819913,False,True
adafnn-n32000-seed18,adafnn,18,1600,20,32000,adafnn-n32000-lambda0.0001-seed18,0.0001,0.0148390305597081,True,False
adafnn-n32000-seed19,adafnn,19,1600,20,32000,adafnn-n32000-lambda0.01-seed19,0.01,0.0820835900177258,False,False
krr-n2000-seed00,nystrom_krr,0,100,20,2000,krr-n2000-lambda0.001-seed00,0.001,0.0126478092802277,False,False
krr-n2000-seed01,nystrom_krr,1,100,20,2000,krr-n2000-lambda0.0001-seed01,0.0001,0.0004631827841166,True,False
krr-n2000-seed02,nystrom_krr,2,100,20,2000,krr-n2000-lambda0.1-seed02,0.1,0.0016124937755072,False,False
krr-n2000-seed03,nystrom_krr,3,100,20,2000,krr-n2000-lambda0.01-seed03,0.01,0.0020689854281104,False,False
krr-n2000-seed04,nystrom_krr,4,100,20,2000,krr-n2000-lambda1-seed04,1.0,0.0237364404032749,False,True
krr-n2000-seed05,nystrom_krr,5,100,20,2000,krr-n2000-lambda0.0001-seed05,0.0001,0.0132880494175532,True,False
krr-n2000-seed06,nystrom_krr,6,100,20,2000,krr-n2000-lambda0.001-seed06,0.001,0.0212328406948016,False,False
krr-n2000-seed07,nystrom_krr,7,100,20,2000,krr-n2000-lambda1-seed07,1.0,0.0068770847498671,False,True
krr-n2000-seed08,nystrom_krr,8,100,20,2000,krr-n2000-lambda0.1-seed08,0.1,0.0031322590296686,False,False
krr-n2000-seed09,nystrom_krr,9,100,20,2000,krr-n2000-lambda0.0001-seed09,0.0001,0.0055505591911846,True,False
krr-n2000-seed10,nystrom_krr,10,100,20,2000,krr-n2000-lambda1-seed10,1.0,0.0054251465813467,False,True
krr-n2000-seed11,nystrom_krr,11,100,20,2000,krr-n2000-lambda0.0001-seed11,0.0001,0.0104499789239178,True,False
krr-n2000-seed12,nystrom_krr,12,100,20,2000,krr-n2000-lambda0.0001-seed12,0.0001,0.0045730514573639,True,False
krr-n2000-seed13,nystrom_krr,13,100,20,2000,krr-n2000-lambda0.001-seed13,0.001,0.0051599154151068,False,False
krr-n2000-seed14,nystrom_krr,14,100,20,2000,krr-n2000-lambda0.01-seed14,0.01,0.0014310168058512,False,False
krr-n2000-seed15,nystrom_krr,15,100,20,2000,krr-n2000-lambda0.01-seed15,0.01,0.0047329689472803,False,False
krr-n2000-seed16,nystrom_krr,16,100,20,2000,krr-n2000-lambda1-seed16,1.0,0.0115748999760659,False,True
krr-n2000-seed17,nystrom_krr,17,100,20,2000,krr-n2000-lambda0.1-seed17,0.1,0.005887875544811,False,False
krr-n2000-seed18,nystrom_krr,18,100,20,2000,krr-n2000-lambda0.01-seed18,0.01,0.0302506058188946,False,False
krr-n2000-seed19,nystrom_krr,19,100,20,2000,krr-n2000-lambda0.001-seed19,0.001,0.0036698364969228,False,False
krr-n4000-seed00,nystrom_krr,0,200,20,4000,krr-n4000-lambda1-seed00,1.0,0.0188047893421902,False,True
krr-n4000-seed01,nystrom_krr,1,200,20,4000,krr-n4000-lambda1-seed01,1.0,0.0014357054095258,False,True
krr-n4000-seed02,nystrom_krr,2,200,20,4000,krr-n4000-lambda0.01-seed02,0.01,0.0065209251854948,False,False
krr-n4000-seed03,nystrom_krr,3,200,20,4000,krr-n4000-lambda0.0001-seed03,0.0001,0.0337176479441195,True,False
krr-n4000-seed04,nystrom_krr,4,200,20,4000,krr-n4000-lambda0.001-seed04,0.001,0.0042815296002797,False,False
krr-n4000-seed05,nystrom_krr,5,200,20,4000,krr-n4000-lambda0.01-seed05,0.01,0.0009640972721359,False,False
krr-n4000-seed06,nystrom_krr,6,200,20,4000,krr-n4000-lambda0.1-seed06,0.1,0.0230855095483111,False,False
krr-n4000-seed07,nystrom_krr,7,200,20,4000,krr-n4000-lambda0.01-seed07,0.01,0.0038386840904631,False,False
krr-n4000-seed08,nystrom_krr,8,200,20,4000,krr-n4000-lambda1-seed08,1.0,0.0371488120973156,False,True
krr-n4000-seed09,nystrom_krr,9,200,20,4000,krr-n4000-lambda0.01-seed09,0.01,0.0080717727138286,False,False
krr-n4000-seed10,nystrom_krr,10,200,20,4000,krr-n4000-lambda0.1-seed10,0.1,0.0129284219110112,False,False
krr-n4000-seed11,nystrom_krr,11,200,20,4000,krr-n4000-lambda0.001-seed11,0.001,0.0103348605134996,False,False
krr-n4000-seed12,nystrom_krr,12,200,20,4000,krr-n4000-lambda0.01-seed12,0.01,0.0079324846690279,False,False
krr-n4000-seed13,nystrom_krr,13,200,20,4000,krr-n4000-lambda0.01-seed13,0.01,0.0053333231071729,False,False
krr-n4000-seed14,nystrom_krr,14,200,20,4000,krr-n4000-lambda0.1-seed14,0.1,0.0007395827848718,False,False
krr-n4000-seed15,nystrom_krr,15,200,20,4000,krr-n4000-lambda0.01-seed15,0.01,0.0045209164897161,False,False
krr-n4000-seed16,nystrom_krr,16,200,20,4000,krr-n4000-lambda0.1-seed16,0.1,0.0055320053438177,False,False
krr-n4000-seed17,nystrom_krr,17,200,20,4000,krr-n4000-lambda0.0001-seed17,0.0001,0.005793363285051,True,False
krr-n4000-seed18,nystrom_krr,18,200,20,4000,krr-n4000-lambda0.1-seed18,0.1,0.0139185231279375,False,False
krr-n4000-seed19,nystrom_krr,19,200,20,4000,krr-n4000-lambda0.01-seed19,0.01,0.0029255431696503,False,False
krr-n8000-seed00,nystrom_krr,0,400,20,8000,krr-n8000-lambda0.1-seed00,0.1,0.0132413123320567,False,False
krr-n8000-seed01,nystrom_krr,1,400,20,8000,krr-n8000-lambda0.01-seed01,0.01,0.0107003003262367,False,False
krr-n8000-seed02,nystrom_krr,2,400,20,8000,krr-n8000-lambda0.1-seed02,0.1,0.0030092597385468,False,False
krr-n8000-seed03,nystrom_krr,3,400,20,8000,krr-n8000-lambda0.0001-seed03,0.0001,0.0104673846069964,True,False
krr-n8000-seed04,nystrom_krr,4,400,20,8000,krr-n8000-lambda0.01-seed04,0.01,0.0139892704226258,False,False
krr-n8000-seed05,nystrom_krr,5,400,20,8000,krr-n8000-lambda0.001-seed05,0.001,0.021284138410526,False,False
krr-n8000-seed06,nystrom_krr,6,400,20,8000,krr-n8000-lambda0.0001-seed06,0.0001,0.0020063720802402,True,False
krr-n8000-seed07,nystrom_krr,7,400,20,8000,krr-n8000-lambda0.001-seed07,0.001,0.005641541479595,False,False
krr-n8000-seed08,nystrom_krr,8,400,20,8000,krr-n8000-lambda0.0001-seed08,0.0001,0.0048190169549737,True,False
krr-n8000-seed09,nystrom_krr,9,400,20,8000,krr-n8000-lambda0.1-seed09,0.1,0.0610283049080048,False,False
krr-n8000-seed10,nystrom_krr,10,400,20,8000,krr-n8000-lambda0.0001-seed10,0.0001,0.0201940662856715,True,False
krr-n8000-seed11,nystrom_krr,11,400,20,8000,krr-n8000-lambda0.01-seed11,0.01,0.0247418943217454,False,False
krr-n8000-seed12,nystrom_krr,12,400,20,8000,krr-n8000-lambda0.0001-seed12,0.0001,0.001750615794138,True,False
krr-n8000-seed13,nystrom_krr,13,400,20,8000,krr-n8000-lambda0.0001-seed13,0.0001,0.0078008929756105,True,False
krr-n8000-seed14,nystrom_krr,14,400,20,8000,krr-n8000-lambda0.001-seed14,0.001,0.0015830335830069,False,False
krr-n8000-seed15,nystrom_krr,15,400,20,8000,krr-n8000-lambda0.1-seed15,0.1,0.0034768055162026,False,False
krr-n8000-seed16,nystrom_krr,16,400,20,8000,krr-n8000-lambda1-seed16,1.0,0.0216805870563131,False,True
krr-n8000-seed17,nystrom_krr,17,400,20,8000,krr-n8000-lambda0.01-seed17,0.01,0.024901021485967,False,False
krr-n8000-seed18,nystrom_krr,18,400,20,8000,krr-n8000-lambda0.01-seed18,0.01,0.0099684528454637,False,False
krr-n8000-seed19,nystrom_krr,19,400,20,8000,krr-n8000-lambda0.1-seed19,0.1,0.0062831368755719,False,False
krr-n16000-seed00,nystrom_krr,0,800,20,16000,krr-n16000-lambda0.0001-seed00,0.0001,0.0668105329476933,True,False
krr-n16000-seed01,nystrom_krr,1,800,20,16000,krr-n16000-lambda0.01-seed01,0.01,0.0814404725478348,False,False
krr-n16000-seed02,nystrom_krr,2,800,20,16000,krr-n16000-lambda0.1-seed02,0.1,0.010720210859011,False,False
krr-n16000-seed03,nystrom_krr,3,800,20,16000,krr-n16000-lambda0.0001-seed03,0.0001,0.0241172757533626,True,False
krr-n16000-seed04,nystrom_krr,4,800,20,16000,krr-n16000-lambda1-seed04,1.0,0.0016978354245897,False,True
krr-n16000-seed05,nystrom_krr,5,800,20,16000,krr-n16000-lambda0.1-seed05,0.1,0.0314221622276505,False,False
krr-n16000-seed06,nystrom_krr,6,800,20,16000,krr-n16000-lambda0.1-seed06,0.1,0.0218718127901184,False,False
krr-n16000-seed07,nystrom_krr,7,800,20,16000,krr-n16000-lambda1-seed07,1.0,0.0402996120047889,False,True
krr-n16000-seed08,nystrom_krr,8,800,20,16000,krr-n16000-lambda0.01-seed08,0.01,0.0351356057973544,False,False
krr-n16000-seed09,nystrom_krr,9,800,20,16000,krr-n16000-lambda0.01-seed09,0.01,0.006501538724236,False,False
krr-n16000-seed10,nystrom_krr,10,800,20,16000,krr-n16000-lambda0.0001-seed10,0.0001,0.1143211641453082,True,False
krr-n16000-seed11,nystrom_krr,11,800,20,16000,krr-n16000-lambda0.1-seed11,0.1,0.0366318588459917,False,False
krr-n16000-seed12,nystrom_krr,12,800,20,16000,krr-n16000-lambda0.01-seed12,0.01,0.0149235667403541,False,False
krr-n16000-seed13,nystrom_krr,13,800,20,16000,krr-n16000-lambda1-seed13,1.0,0.0193191580200473,False,True
krr-n16000-seed14,nystrom_krr,14,800,20,16000,krr-n16000-lambda0.01-seed14,0.01,0.0207149099361291,False,False
krr-n16000-seed15,nystrom_krr,15,800,20,16000,krr-n16000-lambda0.1-seed15,0.1,0.0389221482806699,False,False
krr-n16000-seed16,nystrom_krr,16,800,20,16000,krr-n16000-lambda0.01-seed16,0.01,0.0039956929379743,False,False
krr-n16000-seed17,nystrom_krr,17,800,20,16000,krr-n16000-lambda1-seed17,1.0,0.0736452815688096,False,True
krr-n16000-seed18,nystrom_krr,18,800,20,16000,krr-n16000-lambda0.01-seed18,0.01,0.0039612941321107,False,False
krr-n16000-seed19,nystrom_krr,19,800,20,16000,krr-n16000-lambda0.1-seed19,0.1,0.0085856934672542,False,False
krr-n32000-seed00,nystrom_krr,0,1600,20,32000,krr-n32000-lambda0.1-seed00,0.1,0.0708122801230888,False,False
krr-n32000-seed01,nystrom_krr,1,1600,20,32000,krr-n32000-lambda0.0001-seed01,0.0001,0.0087550404921394,True,False
krr-n32000-seed02,nystrom_krr,2,1600,20,32000,krr-n32000-lambda1-seed02,1.0,0.0118933586309799,False,True
krr-n32000-seed03,nystrom_krr,3,1600,20,32000,krr-n32000-lambda0.1-seed03,0.1,0.0103197737287747,False,False
krr-n32000-seed04,nystrom_krr,4,1600,20,32000,krr-n32000-lambda0.01-seed04,0.01,0.0094063770120176,False,False
krr-n32000-seed05,nystrom_krr,5,1600,20,32000,krr-n32000-lambda0.0001-seed05,0.0001,0.003049429901559,True,False
krr-n32000-seed06,nystrom_krr,6,1600,20,32000,krr-n32000-lambda0.1-seed06,0.1,0.0033154764465334,False,False
krr-n32000-seed07,nystrom_krr,7,1600,20,32000,krr-n32000-lambda0.0001-seed07,0.0001,0.0981185809321115,True,False
krr-n32000-seed08,nystrom_krr,8,1600,20,32000,krr-n32000-lambda0.01-seed08,0.01,0.0076719345951443,False,False
krr-n32000-seed09,nystrom_krr,9,1600,20,32000,krr-n32000-lambda0.1-seed09,0.1,0.0008590881834859,False,False
krr-n32000-seed10,nystrom_krr,10,1600,20,32000,krr-n32000-lambda0.1-seed10,0.1,0.0659690913674383,False,False
krr-n32000-seed11,nystrom_krr,11,1600,20,32000,krr-n32000-lambda0.001-seed11,0.001,0.06660264267359,False,False
krr-n32000-seed12,nystrom_krr,12,1600,20,32000,krr-n32000-lambda0.01-seed12,0.01,0.0335860308395031,False,False
krr-n32000-seed13,nystrom_krr,13,1600,20,32000,krr-n32000-lambda0.001-seed13,0.001,0.0062979733019314,False,False
krr-n32000-seed14,nystrom_krr,14,1600,20,32000,krr-n32000-lambda1-seed14,1.0,0.0524177602536037,False,True
krr-n32000-seed15,nystrom_krr,15,1600,20,32000,krr-n32000-lambda1-seed15,1.0,0.038977320901602,False,True
krr-n32000-seed16,nystrom_krr,16,1600,20,32000,krr-n32000-lambda0.0001-seed16,0.0001,0.0193542304602212,True,False
krr-n32000-seed17,nystrom_krr,17,1600,20,32000,krr-n32000-lambda1-seed17,1.0,0.0553146887764277,False,True
krr-n32000-seed18,nystrom_krr,18,1600,20,32000,krr-n32000-lambda0.1-seed18,0.1,0.0015039485738983,False,False
krr-n32000-seed19,nystrom_krr,19,1600,20,32000,krr-n32000-lambda0.1-seed19,0.1,0.0638805853884691,False,False
