size,gamma,h,n,ground_truth_mean,rmse,mean_absolute_error,source_file
100,0.7,5,100,2.282905877965,0.050268665616,0.042216043221,fqe_seed420_g0.7_h5.txt
100,0.7,10,100,2.282905877965,0.061860501320,0.052455607391,fqe_seed420_g0.7_h10.txt
100,0.7,20,89,2.282905877965,0.063086590224,0.054753066122,fqe_seed420_g0.7_h20.txt
100,0.8,5,101,3.342605263447,0.124295733664,0.084149657454,fqe_seed420_g0.8_h5.txt
100,0.8,10,99,3.342605263447,0.110096663317,0.097965702014,fqe_seed420_g0.8_h10.txt
100,0.8,20,100,3.342605263447,0.112285091255,0.103873666553,fqe_seed420_g0.8_h20.txt
100,0.9,5,100,6.504101432982,0.361374860237,0.334337344322,fqe_seed420_g0.9_h5.txt
100,0.9,10,100,6.504101432982,0.284693418868,0.267564744322,fqe_seed420_g0.9_h10.txt
100,0.9,20,91,6.504101432982,0.259409975746,0.249840663751,fqe_seed420_g0.9_h20.txt
100,0.99,5,100,63.672488834910,50.176248576456,50.174653014910,fqe_seed420_g0.99_h5.txt
100,0.99,10,100,63.672488834910,49.983094760871,49.982548104910,fqe_seed420_g0.99_h10.txt
100,0.99,20,100,63.672488834910,49.946549824906,49.946302004910,fqe_seed420_g0.99_h20.txt
200,0.7,5,100,2.282905877965,0.059862012453,0.050493054950,fqe_seed420_g0.7_h5.txt
200,0.7,10,100,2.282905877965,0.061214438172,0.054729042272,fqe_seed420_g0.7_h10.txt
200,0.7,20,96,2.282905877965,0.071889917531,0.065151661159,fqe_seed420_g0.7_h20.txt
200,0.8,5,95,3.342605263447,0.106452331569,0.095387158172,fqe_seed420_g0.8_h5.txt
200,0.8,10,100,3.342605263447,0.107651672882,0.100944526553,fqe_seed420_g0.8_h10.txt
200,0.8,20,100,3.342605263447,0.120321465508,0.113747546553,fqe_seed420_g0.8_h20.txt
200,0.9,5,99,6.504101432982,0.276021909598,0.259653140053,fqe_seed420_g0.9_h5.txt
200,0.9,10,100,6.504101432982,0.268374516217,0.259915222982,fqe_seed420_g0.9_h10.txt
200,0.9,20,91,6.504101432982,0.259405657720,0.252457916498,fqe_seed420_g0.9_h20.txt
200,0.99,5,100,63.672488834910,49.932145493872,49.931600214910,fqe_seed420_g0.99_h5.txt
200,0.99,10,100,63.672488834910,49.967723596354,49.967466964910,fqe_seed420_g0.99_h10.txt
200,0.99,20,99,63.672488834910,49.988253163302,49.988101552082,fqe_seed420_g0.99_h20.txt
400,0.7,5,100,2.282905877965,0.060472506130,0.052062414713,fqe_seed420_g0.7_h5.txt
400,0.7,10,100,2.282905877965,0.061921387961,0.056097572035,fqe_seed420_g0.7_h10.txt
400,0.7,20,96,2.282905877965,0.065943959790,0.060937728991,fqe_seed420_g0.7_h20.txt
400,0.8,5,88,3.342605263447,0.107388926282,0.098365787995,fqe_seed420_g0.8_h5.txt
400,0.8,10,100,3.342605263447,0.107928206011,0.102686786553,fqe_seed420_g0.8_h10.txt
400,0.8,20,100,3.342605263447,0.114375484204,0.109698226553,fqe_seed420_g0.8_h20.txt
400,0.9,5,99,6.504101432982,0.269653555264,0.256158463285,fqe_seed420_g0.9_h5.txt
400,0.9,10,100,6.504101432982,0.268670377693,0.263263362982,fqe_seed420_g0.9_h10.txt
400,0.9,20,100,6.504101432982,0.261295168398,0.256715432982,fqe_seed420_g0.9_h20.txt
400,0.99,5,100,63.672488834910,49.919949331074,49.919552064910,fqe_seed420_g0.99_h5.txt
400,0.99,10,100,63.672488834910,49.992300819992,49.992164994910,fqe_seed420_g0.99_h10.txt
400,0.99,20,83,63.672488834910,50.015955503202,50.015863545753,fqe_seed420_g0.99_h20.txt
