fit_id,master_seed,n_transitions,lambda_dimensionless,d_min_behavior,d_min_learned,relative_representation_leverage_behavior,relative_representation_leverage_learned,D_actual_sq,G_actual_sq,actual_graph_design_ratio
adafnn-n8000-lambda0.0001-seed00,0,8000,0.0001,0.1245395162923813,2.8835209678146554,1.0,2.058248826089943,0.6583975537115772,0.7612791980402928,1.156260672216569
adafnn-n8000-lambda0.0001-seed01,1,8000,0.0001,0.1279450315683181,1.1177358363742278,1.0,8.248273905985819,1.6338795499543504,2.0707409170476474,1.267376727437162
adafnn-n8000-lambda0.0001-seed02,2,8000,0.0001,0.1292886737034226,2.4027478993722413,1.0,9.045735583725666,1.02029028973784,0.9872663477650956,0.9676327979351548
adafnn-n8000-lambda0.0001-seed03,3,8000,0.0001,0.1266291918475979,2.6452407600642887,1.0,19.107351729657022,3.830398066457767,3.144937353080854,0.8210471336179413
adafnn-n8000-lambda0.0001-seed04,4,8000,0.0001,0.1334768449752028,1.835952758799152,1.0,8.842016030346398,0.4836918910856665,0.4300282684734159,0.889054119779018
adafnn-n8000-lambda0.0001-seed05,5,8000,0.0001,0.1275518641443694,0.9307386417719056,1.0,1.4515335179846276,0.0932805028653583,0.0885372617733034,0.949150776996761
adafnn-n8000-lambda0.0001-seed06,6,8000,0.0001,0.1261107544000532,1.7840825056484064,1.0,5.823816009548369,0.7437158797262176,0.8495921981820653,1.1423612448544511
adafnn-n8000-lambda0.0001-seed07,7,8000,0.0001,0.1211451427980599,1.6086445148702193,1.0,11.6885967029514,2.1539514527953774,0.5773444215370811,0.2680396630053148
adafnn-n8000-lambda0.0001-seed08,8,8000,0.0001,0.1303522803406446,2.272202690211426,1.0,7.855345789765452,0.9421421238058364,1.5752093953469144,1.6719445565004214
adafnn-n8000-lambda0.0001-seed09,9,8000,0.0001,0.1249409873025168,2.8705732408592257,1.0,28.742068195699098,1.81161580798124,1.4530163226688573,0.8020554447954473
adafnn-n8000-lambda0.0001-seed10,10,8000,0.0001,0.1223432456311982,2.641785936387256,1.0,7.440490666553859,1.1902839050346838,2.4193343700552825,2.032569170953198
adafnn-n8000-lambda0.0001-seed11,11,8000,0.0001,0.1266956182549001,2.8206152326064413,1.0,17.565442278085868,0.8815901068638274,0.3795576255801475,0.4305375282968947
adafnn-n8000-lambda0.0001-seed12,12,8000,0.0001,0.125530856131278,0.3219628044510705,1.0,1.427481624687711,0.9128858150311848,0.9857469479666782,1.079814070649136
adafnn-n8000-lambda0.0001-seed13,13,8000,0.0001,0.1278068080494449,2.92555364467139,1.0,21.44514190122933,0.5367461057529724,0.9658919624127564,1.79953231529786
adafnn-n8000-lambda0.0001-seed14,14,8000,0.0001,0.1207738560399155,2.6397102284224143,1.0,8.547791372001718,0.7307203920643853,0.7316303886107247,1.001245341660397
adafnn-n8000-lambda0.0001-seed15,15,8000,0.0001,0.1265370566776479,1.9469313307419616,1.0,6.279433395186691,0.3682534659954498,0.9184599744130106,2.4940972977138505
adafnn-n8000-lambda0.0001-seed16,16,8000,0.0001,0.1282765933062062,0.8185621521507443,1.0,1.257296950315217,0.1192206623275883,0.1244693841725143,1.0440252699695949
adafnn-n8000-lambda0.0001-seed17,17,8000,0.0001,0.1287868497439078,2.2319560090373205,1.0,6.612107622575747,2.3786554440433667,3.0543407676222265,1.284061874228532
adafnn-n8000-lambda0.0001-seed18,18,8000,0.0001,0.1294721023241615,1.3570622737115674,1.0,6.235845367891272,0.3765308958685099,0.3050850768597985,0.8102524393279501
adafnn-n8000-lambda0.0001-seed19,19,8000,0.0001,0.1184985584900009,0.4326971520668625,1.0,0.9643361045428588,0.1177461156306927,0.1186791283799627,1.007923936550029
adafnn-n8000-lambda0.001-seed00,0,8000,0.001,0.1245395162923813,1.6315615673287172,1.0,1.6519584747144571,0.7551504584372675,0.9028552489906227,1.1955965051772866
adafnn-n8000-lambda0.001-seed01,1,8000,0.001,0.1279450315683181,1.2872627921327957,1.0,7.169764778811885,1.7115171313042816,1.7482546958773602,1.0214649119784631
adafnn-n8000-lambda0.001-seed02,2,8000,0.001,0.1292886737034226,2.4278625911652165,1.0,8.142043615634527,1.7808272444055535,1.919067569148327,1.0776270270892665
adafnn-n8000-lambda0.001-seed03,3,8000,0.001,0.1266291918475979,2.302901271318668,1.0,9.882531113747078,1.3212757475816297,1.5613240460512006,1.181679183099318
adafnn-n8000-lambda0.001-seed04,4,8000,0.001,0.1334768449752028,1.427438826673587,1.0,6.479080893544664,2.87522179304996,2.317417259620027,0.80599599836845
adafnn-n8000-lambda0.001-seed05,5,8000,0.001,0.1275518641443694,2.356652312528356,1.0,9.605189034797146,0.7586145350838825,0.435648096434917,0.5742680587931865
adafnn-n8000-lambda0.001-seed06,6,8000,0.001,0.1261107544000532,2.702532287079986,1.0,21.03410311052436,2.6232235398436017,3.211580916847787,1.2242879297428322
adafnn-n8000-lambda0.001-seed07,7,8000,0.001,0.1211451427980599,0.3078588137348341,1.0,2.208917299116666,2.5423089532702834,2.786012324047367,1.095859069553131
adafnn-n8000-lambda0.001-seed08,8,8000,0.001,0.1303522803406446,0.2060809446709464,1.0,1.704691525673237,0.5252298653938022,0.6408221692845001,1.2200794575990648
adafnn-n8000-lambda0.001-seed09,9,8000,0.001,0.1249409873025168,1.074232274193448,1.0,7.332493448001477,0.372776118151552,0.5695392504209451,1.5278319148905324
adafnn-n8000-lambda0.001-seed10,10,8000,0.001,0.1223432456311982,0.8161067440975418,1.0,1.190550325810039,0.0958236425239735,0.092482814933211,0.9651356648237756
adafnn-n8000-lambda0.001-seed11,11,8000,0.001,0.1266956182549001,2.738850556121618,1.0,16.745706911782214,0.2115724244739792,0.1271020352949913,0.6007495334564418
adafnn-n8000-lambda0.001-seed12,12,8000,0.001,0.125530856131278,1.169801887965807,1.0,1.1003318402288422,3.3013248517926392,2.1256280464554265,0.6438712159153915
adafnn-n8000-lambda0.001-seed13,13,8000,0.001,0.1278068080494449,2.92555364467139,1.0,21.44514190122933,0.5367461057529724,0.9658919624127564,1.79953231529786
adafnn-n8000-lambda0.001-seed14,14,8000,0.001,0.1207738560399155,1.785307362516466,1.0,7.300165478137003,0.5438872510526678,1.5155667794753622,2.7865458815996424
adafnn-n8000-lambda0.001-seed15,15,8000,0.001,0.1265370566776479,2.5976160194808298,1.0,9.835467382223,1.857788523666668,2.710778226907004,1.4591425193847218
adafnn-n8000-lambda0.001-seed16,16,8000,0.001,0.1282765933062062,1.7369231748703002,1.0,5.527074625537649,0.9172667211355016,1.223817340990479,1.3342000890160854
adafnn-n8000-lambda0.001-seed17,17,8000,0.001,0.1287868497439078,2.6835021466451745,1.0,12.003567824391729,1.1210487079586602,1.1807815961812929,1.0532830445265855
adafnn-n8000-lambda0.001-seed18,18,8000,0.001,0.1294721023241615,1.8785146921140217,1.0,7.610565849666255,0.3731159706485427,0.4427730573900746,1.1866901773742236
adafnn-n8000-lambda0.001-seed19,19,8000,0.001,0.1184985584900009,2.666607853278702,1.0,3.6302212621210734,0.986417478257635,0.903234692971561,0.9156718254496012
adafnn-n8000-lambda0.01-seed00,0,8000,0.01,0.1245395162923813,1.1077382595633285,1.0,2.564501350199541,3.0039916791250096,6.570824329347711,2.187364357567606
adafnn-n8000-lambda0.01-seed01,1,8000,0.01,0.1279450315683181,2.969490957312052,1.0,29.083870079639084,1.6146794362089154,6.04473942099674,3.743615782454692
adafnn-n8000-lambda0.01-seed02,2,8000,0.01,0.1292886737034226,2.427862896935584,1.0,8.068599335927384,0.7991662922879802,1.012517741882056,1.2669675281013908
adafnn-n8000-lambda0.01-seed03,3,8000,0.01,0.1266291918475979,2.5703909314741207,1.0,11.209781496272209,1.6793733719514787,1.1056449707091835,0.658367572795556
adafnn-n8000-lambda0.01-seed04,4,8000,0.01,0.1334768449752028,1.6783003599167163,1.0,4.109130247018806,0.3570543891597456,0.252847650439631,0.7081488370291602
adafnn-n8000-lambda0.01-seed05,5,8000,0.01,0.1275518641443694,0.6647524492963934,1.0,3.4671077387618823,0.4459104639332538,0.3873968740968934,0.8687772668077173
adafnn-n8000-lambda0.01-seed06,6,8000,0.01,0.1261107544000532,0.322080729169132,1.0,1.39334595190928,2.645873658796912,3.544295925533328,1.339555996466185
adafnn-n8000-lambda0.01-seed07,7,8000,0.01,0.1211451427980599,0.3078588137348341,1.0,2.208917299116666,2.5423089532702834,2.786012324047367,1.095859069553131
adafnn-n8000-lambda0.01-seed08,8,8000,0.01,0.1303522803406446,1.1935720118325808,1.0,6.716427070311849,0.1895160788609425,1.0115660580511627,5.337626570426245
adafnn-n8000-lambda0.01-seed09,9,8000,0.01,0.1249409873025168,2.427091380933708,1.0,15.05197133588896,1.023320334358108,1.4025008026157657,1.3705393663417271
adafnn-n8000-lambda0.01-seed10,10,8000,0.01,0.1223432456311982,1.1553715864035912,1.0,2.849135142478989,0.2106601018022523,0.247818665585958,1.176391084338251
adafnn-n8000-lambda0.01-seed11,11,8000,0.01,0.1266956182549001,2.9962945162437418,1.0,16.805169630314115,7.999354610610366,3.3358659471769934,0.4170168856812887
adafnn-n8000-lambda0.01-seed12,12,8000,0.01,0.125530856131278,2.142588558352342,1.0,1.196680676579367,0.1060161740898811,0.0810108943974946,0.7641371242921212
adafnn-n8000-lambda0.01-seed13,13,8000,0.01,0.1278068080494449,2.92555364467139,1.0,21.44514190122933,0.5367461057529724,0.9658919624127564,1.79953231529786
adafnn-n8000-lambda0.01-seed14,14,8000,0.01,0.1207738560399155,2.9866222918274605,1.0,14.654334818271783,0.4617416814430717,1.8924975752860569,4.098606756425959
adafnn-n8000-lambda0.01-seed15,15,8000,0.01,0.1265370566776479,2.550327071052898,1.0,11.554755521749891,0.8839781503940307,0.7188792948999223,0.8132319725091439
adafnn-n8000-lambda0.01-seed16,16,8000,0.01,0.1282765933062062,2.968914761234055,1.0,11.758430179601708,2.933899908064031,3.303520677558029,1.1259827468817425
adafnn-n8000-lambda0.01-seed17,17,8000,0.01,0.1287868497439078,1.5682857845089295,1.0,3.4747960338844006,0.5183283111574226,0.5865773945235115,1.131671533074644
adafnn-n8000-lambda0.01-seed18,18,8000,0.01,0.1294721023241615,1.4469767327886018,1.0,6.159088436820644,0.5497050274937845,0.6062011438451089,1.1027753313607147
adafnn-n8000-lambda0.01-seed19,19,8000,0.01,0.1184985584900009,2.264049634402539,1.0,4.116236934622103,0.5829114838556694,0.6043074834023602,1.036705400629898
adafnn-n8000-lambda0.1-seed00,0,8000,0.1,0.1245395162923813,2.4629121797911524,1.0,4.407953999262984,1.4246810384953528,1.861537029288313,1.3066342423243995
adafnn-n8000-lambda0.1-seed01,1,8000,0.1,0.1279450315683181,2.5583477369381646,1.0,11.879168300678398,0.6439262837499898,1.8956178971729285,2.9438430221135667
adafnn-n8000-lambda0.1-seed02,2,8000,0.1,0.1292886737034226,2.5050354872758067,1.0,8.975730035362883,1.2819710568321971,1.4533018226714305,1.1336463603652631
adafnn-n8000-lambda0.1-seed03,3,8000,0.1,0.1266291918475979,2.915999331027624,1.0,8.777237716877142,4.453221501532663,2.305143453164183,0.5176350317114976
adafnn-n8000-lambda0.1-seed04,4,8000,0.1,0.1334768449752028,2.528110993573881,1.0,24.74822821686362,0.118128037356849,0.1425002254498608,1.2063200967217178
adafnn-n8000-lambda0.1-seed05,5,8000,0.1,0.1275518641443694,1.5010830489082052,1.0,10.285035737190896,4.348550253331348,4.382128570986291,1.007721726943185
adafnn-n8000-lambda0.1-seed06,6,8000,0.1,0.1261107544000532,1.662404871006914,1.0,10.812519823863404,3.9541492505290656,8.818911577895683,2.2302930464032715
adafnn-n8000-lambda0.1-seed07,7,8000,0.1,0.1211451427980599,0.3078588137348341,1.0,2.208917299116666,2.5423089532702834,2.786012324047367,1.095859069553131
adafnn-n8000-lambda0.1-seed08,8,8000,0.1,0.1303522803406446,2.4942714655881004,1.0,6.8853098758868025,0.6467474505130356,0.6302581465156273,0.9745042613089112
adafnn-n8000-lambda0.1-seed09,9,8000,0.1,0.1249409873025168,2.295557009189579,1.0,9.754970494805544,1.249417168144279,1.7989701904052555,1.4398475035181493
adafnn-n8000-lambda0.1-seed10,10,8000,0.1,0.1223432456311982,2.93147265705675,1.0,9.815268513882035,0.8334263144568266,1.00822580186728,1.2097359831077286
adafnn-n8000-lambda0.1-seed11,11,8000,0.1,0.1266956182549001,2.0746160104146023,1.0,9.060103132200272,3.195016727899235,5.4055920258355785,1.691882229796595
adafnn-n8000-lambda0.1-seed12,12,8000,0.1,0.125530856131278,2.7417279721391488,1.0,2.7303726227123137,0.1655885403533616,0.1386788587112232,0.8374906766814068
adafnn-n8000-lambda0.1-seed13,13,8000,0.1,0.1278068080494449,2.92555364467139,1.0,21.44514190122933,0.5367461057529724,0.9658919624127564,1.79953231529786
adafnn-n8000-lambda0.1-seed14,14,8000,0.1,0.1207738560399155,2.694863789730475,1.0,13.273005586397764,4.761772957614234,8.364511749254874,1.7565960879927591
adafnn-n8000-lambda0.1-seed15,15,8000,0.1,0.1265370566776479,2.665532720092973,1.0,11.848285997840511,1.287344165743284,1.2216808895671278,0.9489932234724164
adafnn-n8000-lambda0.1-seed16,16,8000,0.1,0.1282765933062062,2.968914761234055,1.0,9.824373079442465,0.7788139988441017,1.8365629748781145,2.3581535226689554
adafnn-n8000-lambda0.1-seed17,17,8000,0.1,0.1287868497439078,2.392270947978297,1.0,15.958461002221872,2.829971989957446,2.1228861774186227,0.7501438830320524
adafnn-n8000-lambda0.1-seed18,18,8000,0.1,0.1294721023241615,0.843091352167922,1.0,4.670277287898083,6.169133657163042,11.02289509336119,1.786781695118957
adafnn-n8000-lambda0.1-seed19,19,8000,0.1,0.1184985584900009,0.1788880277829424,1.0,0.9352108764758088,0.1341355069298448,0.1405132099820697,1.0475467174814534
adafnn-n8000-lambda1-seed00,0,8000,1.0,0.1245395162923813,2.4629121797911524,1.0,4.407953999262984,1.4246810384953528,1.861537029288313,1.3066342423243995
adafnn-n8000-lambda1-seed01,1,8000,1.0,0.1279450315683181,1.188292755399103,1.0,9.677139727090978,1.993808729062159,3.2417720391589584,1.6259192729504262
adafnn-n8000-lambda1-seed02,2,8000,1.0,0.1292886737034226,2.5050354872758067,1.0,8.975730035362883,1.2819710568321971,1.4533018226714305,1.1336463603652631
adafnn-n8000-lambda1-seed03,3,8000,1.0,0.1266291918475979,2.915999331027624,1.0,8.777237716877142,4.453221501532663,2.305143453164183,0.5176350317114976
adafnn-n8000-lambda1-seed04,4,8000,1.0,0.1334768449752028,1.7677290088832067,1.0,9.364684919550085,1.1486983152681027,0.4254703510868172,0.3703934666148733
adafnn-n8000-lambda1-seed05,5,8000,1.0,0.1275518641443694,1.9872414722639584,1.0,7.5155547263792,0.6135149021938769,0.8937095793282603,1.4567039466073786
adafnn-n8000-lambda1-seed06,6,8000,1.0,0.1261107544000532,2.724457571612859,1.0,17.447032212182847,2.8115020132807134,3.285731062521372,1.1686746255206428
adafnn-n8000-lambda1-seed07,7,8000,1.0,0.1211451427980599,0.3078588137348341,1.0,2.208917299116666,2.5423089532702834,2.786012324047367,1.095859069553131
adafnn-n8000-lambda1-seed08,8,8000,1.0,0.1303522803406446,1.8256254847642168,1.0,6.99711175999046,1.6006404774581635,1.7931147739320985,1.1202483000927144
adafnn-n8000-lambda1-seed09,9,8000,1.0,0.1249409873025168,2.295557009189579,1.0,9.754970494805544,1.249417168144279,1.7989701904052555,1.4398475035181493
adafnn-n8000-lambda1-seed10,10,8000,1.0,0.1223432456311982,2.93147265705675,1.0,9.815268513882035,0.8334263144568266,1.00822580186728,1.2097359831077286
adafnn-n8000-lambda1-seed11,11,8000,1.0,0.1266956182549001,2.0918466004090384,1.0,12.291504399806808,1.7772703444711455,4.071493555596514,2.290869010593912
adafnn-n8000-lambda1-seed12,12,8000,1.0,0.125530856131278,0.8363965169088884,1.0,3.067405520679536,1.2996168050000063,0.5952184916185097,0.4579953793522289
adafnn-n8000-lambda1-seed13,13,8000,1.0,0.1278068080494449,2.92555364467139,1.0,21.44514190122933,0.5367461057529724,0.9658919624127564,1.79953231529786
adafnn-n8000-lambda1-seed14,14,8000,1.0,0.1207738560399155,2.694863789730475,1.0,13.273005586397764,4.761772957614234,8.364511749254874,1.7565960879927591
adafnn-n8000-lambda1-seed15,15,8000,1.0,0.1265370566776479,2.541376970092182,1.0,11.215141744319666,0.924056730805325,0.7909174916328441,0.8559187604678247
adafnn-n8000-lambda1-seed16,16,8000,1.0,0.1282765933062062,2.6421533613813626,1.0,12.597879749952984,1.269091308649633,2.689452550408868,2.1191954685045946
adafnn-n8000-lambda1-seed17,17,8000,1.0,0.1287868497439078,2.7059366780107017,1.0,12.172457179179986,4.253293437579898,0.3212523368180845,0.0755302547385198
adafnn-n8000-lambda1-seed18,18,8000,1.0,0.1294721023241615,2.000209239698486,1.0,10.196602418088895,1.043284260941681,1.3166646180561543,1.2620382261568068
adafnn-n8000-lambda1-seed19,19,8000,1.0,0.1184985584900009,1.9974160987956937,1.0,1.5443527016506362,1.0841056035610075,0.949860181890628,0.8761694236895206
