figure,panel,metric,field,level,statistic,center,ci_low,ci_high,count,bootstrap_seed
krr_value,,J_normalized_mean,n_transitions,2000,mean,0.7096339350359351,0.7057100868348531,0.7132908356406644,20,20260916
krr_value,,J_normalized_mean,n_transitions,4000,mean,0.6945578277247426,0.6881398113996705,0.7005164310400676,20,20260917
krr_value,,J_normalized_mean,n_transitions,8000,mean,0.6817399904266589,0.6680560324740035,0.6935117230366842,20,20260918
krr_value,,J_normalized_mean,n_transitions,16000,mean,0.657869753633171,0.6462924588268185,0.669285382332627,20,20260919
krr_value,,J_normalized_mean,n_transitions,32000,mean,0.6452839150624399,0.6310932789603951,0.6595129076893315,20,20260920
krr_identification,a,d_min_learned,n_transitions,2000,median,0.3216686097464036,0.3025483347708678,0.3714707031128502,20,20260916
krr_identification,a,d_min_learned,n_transitions,4000,median,0.3487134244221922,0.2338485809780721,0.4927431839960825,20,20260917
krr_identification,a,d_min_learned,n_transitions,8000,median,0.35218692762716486,0.2728277983482631,0.4950306665032208,20,20260918
krr_identification,a,d_min_learned,n_transitions,16000,median,0.6658613973080667,0.5590759885931432,0.8837966268257539,20,20260919
krr_identification,a,d_min_learned,n_transitions,32000,median,0.9403733718050102,0.7797239908115151,1.0905309651214847,20,20260920
krr_identification,a,d_min_behavior,n_transitions,2000,median,0.1290314805100983,0.12622907350815393,0.13259519239677545,20,20261016
krr_identification,a,d_min_behavior,n_transitions,4000,median,0.12686870830904734,0.12568468813897266,0.13096287518836536,20,20261017
krr_identification,a,d_min_behavior,n_transitions,8000,median,0.126662405051249,0.1252359217168974,0.12811081243726213,20,20261018
krr_identification,a,d_min_behavior,n_transitions,16000,median,0.1261830883903541,0.12511495442908704,0.12799743229889984,20,20261019
krr_identification,a,d_min_behavior,n_transitions,32000,median,0.1264931462802718,0.1252977268137817,0.12705399406342774,20,20261020
krr_identification,b,relative_representation_leverage_learned,n_transitions,2000,median,7.121189427929684,5.7030774679298775,8.825134892272217,20,20260916
krr_identification,b,relative_representation_leverage_learned,n_transitions,4000,median,10.393546210903118,4.911015389254275,16.996402828052336,20,20260917
krr_identification,b,relative_representation_leverage_learned,n_transitions,8000,median,11.947671791348679,8.71910516686518,20.913525129844576,20,20260918
krr_identification,b,relative_representation_leverage_learned,n_transitions,16000,median,51.69656189979828,25.743605349765332,65.99625866082637,20,20260919
krr_identification,b,relative_representation_leverage_learned,n_transitions,32000,median,105.79900115849959,55.59187141280734,164.75261989925667,20,20260920
krr_identification,c,actual_graph_design_ratio,n_transitions,2000,median,1.1987259780291701,1.0919292077865397,1.4285272401986133,20,20260916
krr_identification,c,actual_graph_design_ratio,n_transitions,4000,median,1.3516314765294482,1.0703155130229087,1.7831444086224861,20,20260917
krr_identification,c,actual_graph_design_ratio,n_transitions,8000,median,1.2722911309208742,1.0943234641847261,1.590142420916963,20,20260918
krr_identification,c,actual_graph_design_ratio,n_transitions,16000,median,2.0221988147457237,1.451273063521564,3.2073971090288698,20,20260919
krr_identification,c,actual_graph_design_ratio,n_transitions,32000,median,6.287672297429665,4.454701479853559,9.216897142046246,20,20260920
neighbor_sensitivity,a,d_min_median,n_transitions,2000,median,0.9331549091375226,0.4859021471281383,1.706223172356859,20,20260916
neighbor_sensitivity,a,d_min_median,n_transitions,4000,median,1.4949627821765215,1.164627221046884,2.499070861781565,20,20260917
neighbor_sensitivity,a,d_min_median,n_transitions,8000,median,2.1387489153686094,0.9302415236967446,2.809084670764861,20,20260918
neighbor_sensitivity,a,d_min_median,n_transitions,16000,median,0.557285739777001,0.49743632756901457,1.0230086497082649,20,20260919
neighbor_sensitivity,a,d_min_median,n_transitions,32000,median,0.556583315717322,0.4664678633453659,0.7050335790442196,20,20260920
neighbor_sensitivity,a,d_min_median,n_transitions,2000,median,0.14864729502488355,0.14509765929587887,0.15219940093580564,20,20261016
neighbor_sensitivity,a,d_min_median,n_transitions,4000,median,0.14854646135785865,0.1443548646416604,0.15015362750916122,20,20261017
neighbor_sensitivity,a,d_min_median,n_transitions,8000,median,0.14718025743664037,0.14595273205593576,0.1492456510598436,20,20261018
neighbor_sensitivity,a,d_min_median,n_transitions,16000,median,0.14712171325705256,0.1459804395943757,0.14823273534782389,20,20261019
neighbor_sensitivity,a,d_min_median,n_transitions,32000,median,0.14729343937865896,0.14549073935117196,0.14810611563247275,20,20261020
neighbor_sensitivity,b,d_min_median,n_transitions,2000,median,0.8487617709776266,0.4153469994481268,1.5112554471169592,20,20260916
neighbor_sensitivity,b,d_min_median,n_transitions,4000,median,1.3170006356422976,1.0678670733343665,2.2813224586787637,20,20260917
neighbor_sensitivity,b,d_min_median,n_transitions,8000,median,1.924862316080422,0.8746503969613248,2.680198254911724,20,20260918
neighbor_sensitivity,b,d_min_median,n_transitions,16000,median,0.5208087055155171,0.4532537159330378,0.9763725623929669,20,20260919
neighbor_sensitivity,b,d_min_median,n_transitions,32000,median,0.5164965488192516,0.42913659776695046,0.6446826490809807,20,20260920
neighbor_sensitivity,b,d_min_median,n_transitions,2000,median,0.1290314805100983,0.12622907350815393,0.13259519239677545,20,20261016
neighbor_sensitivity,b,d_min_median,n_transitions,4000,median,0.12686870830904734,0.12568468813897266,0.13096287518836536,20,20261017
neighbor_sensitivity,b,d_min_median,n_transitions,8000,median,0.126662405051249,0.1252359217168974,0.12811081243726213,20,20261018
neighbor_sensitivity,b,d_min_median,n_transitions,16000,median,0.1261830883903541,0.12511495442908704,0.12799743229889984,20,20261019
neighbor_sensitivity,b,d_min_median,n_transitions,32000,median,0.1264931462802718,0.1252977268137817,0.12705399406342774,20,20261020
neighbor_sensitivity,c,d_min_median,n_transitions,2000,median,0.7223227790460849,0.29726806613803003,1.278306622818047,20,20260916
neighbor_sensitivity,c,d_min_median,n_transitions,4000,median,1.1072782248204551,0.9151775461450267,1.9484769377704914,20,20260917
neighbor_sensitivity,c,d_min_median,n_transitions,8000,median,1.7616213831716196,0.8057035730940296,2.5244488533161236,20,20260918
neighbor_sensitivity,c,d_min_median,n_transitions,16000,median,0.4733930051189432,0.4040761561805073,0.9319055321472113,20,20260919
neighbor_sensitivity,c,d_min_median,n_transitions,32000,median,0.4787582337845988,0.3926912123296658,0.5902479151281417,20,20260920
neighbor_sensitivity,c,d_min_median,n_transitions,2000,median,0.11485277256135096,0.1109363164143596,0.1182964668884264,20,20261016
neighbor_sensitivity,c,d_min_median,n_transitions,4000,median,0.11268781193356725,0.109309506220473,0.11615560505159435,20,20261017
neighbor_sensitivity,c,d_min_median,n_transitions,8000,median,0.11193050157536895,0.1099490503966155,0.1127700574424409,20,20261018
neighbor_sensitivity,c,d_min_median,n_transitions,16000,median,0.11023424494941089,0.1087398075103082,0.11182530262052115,20,20261019
neighbor_sensitivity,c,d_min_median,n_transitions,32000,median,0.11004165559628751,0.10945915087225605,0.11067170952132775,20,20261020
neighbor_sensitivity,d,d_min_median,n_transitions,2000,median,0.6118447999193708,0.17741228676015797,1.051953236641572,20,20260916
neighbor_sensitivity,d,d_min_median,n_transitions,4000,median,0.9113257850982224,0.5894270874806635,1.5899881134240337,20,20260917
neighbor_sensitivity,d,d_min_median,n_transitions,8000,median,1.568136286391155,0.7347497890671204,2.255004818987037,20,20260918
neighbor_sensitivity,d,d_min_median,n_transitions,16000,median,0.43350222286636975,0.352014513960252,0.865677442077418,20,20260919
neighbor_sensitivity,d,d_min_median,n_transitions,32000,median,0.45208457584948336,0.3511383346675758,0.5409919019607192,20,20260920
neighbor_sensitivity,d,d_min_median,n_transitions,2000,median,0.10495062570196009,0.10077417234245284,0.10810151188643816,20,20261016
neighbor_sensitivity,d,d_min_median,n_transitions,4000,median,0.100740576728933,0.0997149665312263,0.10391003570341739,20,20261017
neighbor_sensitivity,d,d_min_median,n_transitions,8000,median,0.09908875995591479,0.0974798984285625,0.10008901177411414,20,20261018
neighbor_sensitivity,d,d_min_median,n_transitions,16000,median,0.09742479064140089,0.0969820187617271,0.0986301095932013,20,20261019
neighbor_sensitivity,d,d_min_median,n_transitions,32000,median,0.0971436770591198,0.09599468832888755,0.0976696756724946,20,20261020
critic_update_energies,adafnn,G_actual_sq,n_transitions,2000,median,0.6897542450403609,0.6049111224936576,1.2150494850827638,20,20260916
critic_update_energies,adafnn,G_actual_sq,n_transitions,4000,median,1.4145444246529606,0.5697502523165257,3.089963633482516,20,20260917
critic_update_energies,adafnn,G_actual_sq,n_transitions,8000,median,0.6235116565648045,0.140589542080542,2.0038466068072474,20,20260918
critic_update_energies,adafnn,G_actual_sq,n_transitions,16000,median,0.1412172535031199,0.09640013749117321,0.5361834930626522,20,20260919
critic_update_energies,adafnn,G_actual_sq,n_transitions,32000,median,0.11781983536104125,0.1158378596418393,0.15797768260579936,20,20260920
critic_update_energies,adafnn,D_actual_sq,n_transitions,2000,median,0.865597930370313,0.6173004288719804,1.3686728602609444,20,20261016
critic_update_energies,adafnn,D_actual_sq,n_transitions,4000,median,1.2951790619072507,0.7112918336617567,2.4374477403525985,20,20261017
critic_update_energies,adafnn,D_actual_sq,n_transitions,8000,median,0.5432255666233785,0.1885804824136704,2.0784941947395996,20,20261018
critic_update_energies,adafnn,D_actual_sq,n_transitions,16000,median,0.14149640527475954,0.0964052649984814,0.45943507046333315,20,20261019
critic_update_energies,adafnn,D_actual_sq,n_transitions,32000,median,0.11871582748976835,0.11021808613753781,0.15406953670290885,20,20261020
critic_update_energies,nystrom_krr,G_actual_sq,n_transitions,2000,median,0.30914184309594717,0.1852546777844224,0.9678168384796237,20,20260916
critic_update_energies,nystrom_krr,G_actual_sq,n_transitions,4000,median,0.2059258633394331,0.11635053718638995,1.4338963303857124,20,20260917
critic_update_energies,nystrom_krr,G_actual_sq,n_transitions,8000,median,0.14103361017912874,0.09578238009257051,0.26757270525741267,20,20260918
critic_update_energies,nystrom_krr,G_actual_sq,n_transitions,16000,median,0.2504979713678359,0.16754363256312965,0.48895097514662345,20,20260919
critic_update_energies,nystrom_krr,G_actual_sq,n_transitions,32000,median,0.4126322379924934,0.3055575463103654,0.7828180502478589,20,20260920
critic_update_energies,nystrom_krr,D_actual_sq,n_transitions,2000,median,0.2596656811664198,0.17449799991095666,0.4155202869857698,20,20261016
critic_update_energies,nystrom_krr,D_actual_sq,n_transitions,4000,median,0.16145794178597317,0.10836197497605915,0.8366834871957549,20,20261017
critic_update_energies,nystrom_krr,D_actual_sq,n_transitions,8000,median,0.1062044874976999,0.0845821471045778,0.14355583015992673,20,20261018
critic_update_energies,nystrom_krr,D_actual_sq,n_transitions,16000,median,0.11405737388260645,0.09238397879392254,0.15516161825879404,20,20261019
critic_update_energies,nystrom_krr,D_actual_sq,n_transitions,32000,median,0.0944582160451789,0.059737390069824495,0.11297490726866666,20,20261020
