metric,n,label,center,ci_low,ci_high,bootstrap_seed
J_normalized_mean_ffqi,2000,Functional-action policy,0.5870603309013208,0.5626300783027158,0.6130359050856555,20260916
J_normalized_mean_ffqi,4000,Functional-action policy,0.5933009084174351,0.570524386773538,0.6176174865971765,20260917
J_normalized_mean_ffqi,8000,Functional-action policy,0.6053270552391606,0.5691228370384269,0.6472337374310159,20260918
J_normalized_mean_ffqi,16000,Functional-action policy,0.6566403389642004,0.6324327024735305,0.6810046094937274,20260919
J_normalized_mean_ffqi,32000,Functional-action policy,0.7015204596310244,0.6694667330979265,0.731623040496957,20260920
J_normalized_mean_constant,2000,Constant-action policy,0.5313844566681719,0.5186654432128321,0.5472493112210021,20261016
J_normalized_mean_constant,4000,Constant-action policy,0.5319717836013248,0.5145247317467565,0.5527645646893333,20261017
J_normalized_mean_constant,8000,Constant-action policy,0.5351110934866342,0.5191698601692261,0.552644316682343,20261018
J_normalized_mean_constant,16000,Constant-action policy,0.5589963742443591,0.5422448726889485,0.5761821800878958,20261019
J_normalized_mean_constant,32000,Constant-action policy,0.5600578121703396,0.5410789860744449,0.5815152115584233,20261020
d_min_learned,2000,Learned policy,0.8487617709776266,0.4153469994481268,1.5112554471169592,20260916
d_min_learned,4000,Learned policy,1.3170006356422976,1.0678670733343665,2.2813224586787633,20260917
d_min_learned,8000,Learned policy,1.9248623160804215,0.874650396961325,2.680198254911724,20260918
d_min_learned,16000,Learned policy,0.5208087055155171,0.45325371593303787,0.9763725623929671,20260919
d_min_learned,32000,Learned policy,0.5164965488192514,0.42913659776695046,0.6446826490809807,20260920
d_min_behavior,2000,Behavior,0.1290314805100983,0.12622907350815393,0.13259519239677545,20261016
d_min_behavior,4000,Behavior,0.12686870830904734,0.12568468813897266,0.13096287518836536,20261017
d_min_behavior,8000,Behavior,0.126662405051249,0.1252359217168974,0.12811081243726213,20261018
d_min_behavior,16000,Behavior,0.1261830883903541,0.12511495442908704,0.12799743229889984,20261019
d_min_behavior,32000,Behavior,0.1264931462802718,0.1252977268137817,0.12705399406342774,20261020
actual_graph_design_ratio,2000,Critic ratio,1.007177935747349,0.8740773068574343,1.095342529680539,20260916
actual_graph_design_ratio,4000,Critic ratio,0.9267989718190198,0.8054633600656171,1.136508359335831,20260917
actual_graph_design_ratio,8000,Critic ratio,1.069942169761363,0.9571432209102683,1.2798177270326248,20260918
actual_graph_design_ratio,16000,Critic ratio,1.016689282915228,0.9698796147495452,1.0503473147910247,20260919
actual_graph_design_ratio,32000,Critic ratio,1.0200324978067083,0.9916366915574946,1.0448296493703917,20260920
