fit_id,master_seed,n_transitions,lambda_dimensionless,d_min_behavior,d_min_learned,relative_representation_leverage_behavior,relative_representation_leverage_learned,actual_graph_design_ratio
krr-n8000-lambda0.0001-seed00,0,8000,0.0001,0.1313189041216876,0.8475548199755608,1.0,46.66529960595744,4.941286492361379
krr-n8000-lambda0.0001-seed01,1,8000,0.0001,0.1335734196037842,0.8220858690757441,1.0,50.44577753219954,6.108732360186753
krr-n8000-lambda0.0001-seed02,2,8000,0.0001,0.115108098127075,0.7309884134577052,1.0,53.3938762807757,6.375481119393684
krr-n8000-lambda0.0001-seed03,3,8000,0.0001,0.100884804600948,0.1414432149437492,1.0,3.696011632313264,1.2450206441022127
krr-n8000-lambda0.0001-seed04,4,8000,0.0001,0.0751707494884784,0.9166225067630988,1.0,118.38411041742188,4.206009822801505
krr-n8000-lambda0.0001-seed05,5,8000,0.0001,0.0922002164597093,0.896175810437859,1.0,79.2211813774164,1.5188164022980424
krr-n8000-lambda0.0001-seed06,6,8000,0.0001,0.1370201838216467,0.3039958930599873,1.0,8.96356803011982,0.9121976890590552
krr-n8000-lambda0.0001-seed07,7,8000,0.0001,0.1520056947554108,0.4884487957574834,1.0,20.37523409679737,2.721130963086976
krr-n8000-lambda0.0001-seed08,8,8000,0.0001,0.1283839556800035,0.701316497290293,1.0,35.45499450474199,4.75471773125984
krr-n8000-lambda0.0001-seed09,9,8000,0.0001,0.1360024865392868,0.749431894486482,1.0,33.99949997764372,3.1188802154277546
krr-n8000-lambda0.0001-seed10,10,8000,0.0001,0.1163816502024798,0.303652847810813,1.0,13.951644657419322,1.05060420404231
krr-n8000-lambda0.0001-seed11,11,8000,0.0001,0.0761803788658449,0.7528965692161864,1.0,55.27939709094139,1.102703648708316
krr-n8000-lambda0.0001-seed12,12,8000,0.0001,0.0949770272675797,0.30521776534256,1.0,17.764111302824062,1.990925065102012
krr-n8000-lambda0.0001-seed13,13,8000,0.0001,0.1283738612149847,0.4133759396612443,1.0,11.785761124535986,0.6873859868676816
krr-n8000-lambda0.0001-seed14,14,8000,0.0001,0.1327814764114589,0.6725223952965981,0.9999999999999998,32.504002888114194,1.3075791117803728
krr-n8000-lambda0.0001-seed15,15,8000,0.0001,0.1144468918778991,0.5254560021636796,1.0,36.26146327412021,1.178120375420948
krr-n8000-lambda0.0001-seed16,16,8000,0.0001,0.1126837167247431,0.7073914406332577,1.0,44.219546459367976,1.7955051869360024
krr-n8000-lambda0.0001-seed17,17,8000,0.0001,0.1504353173259811,0.3964951153353616,1.0,15.249623251048508,1.5812572159012148
krr-n8000-lambda0.0001-seed18,18,8000,0.0001,0.1342766187619652,0.3957716048125341,1.0,13.731411016485508,1.7698877313843118
krr-n8000-lambda0.0001-seed19,19,8000,0.0001,0.1534150066262962,0.6354241697986671,1.0000000000000002,29.500105726900426,1.6020232041731193
krr-n8000-lambda0.001-seed00,0,8000,0.001,0.1313188774170235,0.3502736149787462,1.0,16.15531434540232,1.4010953931858672
krr-n8000-lambda0.001-seed01,1,8000,0.001,0.1335734196037842,0.3387376274371793,1.0,11.827544391457735,1.0977374429090352
krr-n8000-lambda0.001-seed02,2,8000,0.001,0.1151081321363459,0.7685276502129006,1.0,35.443813199885184,1.958196119806036
krr-n8000-lambda0.001-seed03,3,8000,0.001,0.100884804600948,0.9446510541484944,1.0,79.16767841806033,4.25047321000522
krr-n8000-lambda0.001-seed04,4,8000,0.001,0.0751707494884784,0.6726447697371852,1.0,74.41252930230348,2.466300271867806
krr-n8000-lambda0.001-seed05,5,8000,0.001,0.0922002164597093,0.5090989156054424,1.0,33.33635431353952,1.3616216808950885
krr-n8000-lambda0.001-seed06,6,8000,0.001,0.1370201978720025,0.4225358625947418,1.0,16.373438700691946,2.2342174710242304
krr-n8000-lambda0.001-seed07,7,8000,0.001,0.1520056947554108,0.507790267641073,1.0,23.537713279188107,1.2821676193193088
krr-n8000-lambda0.001-seed08,8,8000,0.001,0.1283839556800035,0.8437610626369755,1.0,38.2766444421376,2.218537235917304
krr-n8000-lambda0.001-seed09,9,8000,0.001,0.1360024865392868,0.8995914593608432,1.0,54.10243770373003,3.752925021748031
krr-n8000-lambda0.001-seed10,10,8000,0.001,0.1163816502024798,0.3226476157197785,1.0,9.78533640798338,0.7524449608051585
krr-n8000-lambda0.001-seed11,11,8000,0.001,0.0761803788658449,0.831362621494607,1.0,82.20415974611133,5.529416603366615
krr-n8000-lambda0.001-seed12,12,8000,0.001,0.0949770272675797,0.8896137329260729,1.0,78.12855883206728,11.450804182239564
krr-n8000-lambda0.001-seed13,13,8000,0.001,0.1283738612149847,0.3016329240551666,1.0,7.44496239801189,0.7700067996233773
krr-n8000-lambda0.001-seed14,14,8000,0.001,0.1327814764114589,0.3578732919862488,0.9999999999999998,12.138788855341582,1.287595477382351
krr-n8000-lambda0.001-seed15,15,8000,0.001,0.1144468918778991,0.5826030095950994,1.0,31.955153997949367,1.651787879498939
krr-n8000-lambda0.001-seed16,16,8000,0.001,0.1126837244309647,0.7859653969480378,1.0,46.854105422605386,2.131171020439824
krr-n8000-lambda0.001-seed17,17,8000,0.001,0.1504353173259811,0.342959933649423,1.0,9.921189590495317,1.350017001857067
krr-n8000-lambda0.001-seed18,18,8000,0.001,0.1342766187619652,0.5752083809708783,1.0,28.620885958078947,2.4269619542682594
krr-n8000-lambda0.001-seed19,19,8000,0.001,0.1534150066262962,0.3212531010646479,1.0000000000000002,14.143836985920888,0.8860688256120115
krr-n8000-lambda0.01-seed00,0,8000,0.01,0.1313188774170235,0.8508896099395107,1.0,58.8773096017465,2.4113700607656985
krr-n8000-lambda0.01-seed01,1,8000,0.01,0.1335734196037842,0.5939713447262237,1.0,23.968851774636992,1.865491842444865
krr-n8000-lambda0.01-seed02,2,8000,0.01,0.115108098127075,0.9501872168703508,1.0,49.57424102062855,6.366668069219776
krr-n8000-lambda0.01-seed03,3,8000,0.01,0.100884804600948,0.9421527471440524,1.0,81.11460323419149,2.545408405208065
krr-n8000-lambda0.01-seed04,4,8000,0.01,0.0751707488373363,0.7032872590388627,1.0,51.31267285649475,2.8539004939941672
krr-n8000-lambda0.01-seed05,5,8000,0.01,0.0922002164597093,0.5007414326721533,1.0,32.11097474385544,1.374290076685134
krr-n8000-lambda0.01-seed06,6,8000,0.01,0.1370201838216467,0.369007926571525,1.0,8.100877747386097,0.7529601459126318
krr-n8000-lambda0.01-seed07,7,8000,0.01,0.1520056947554108,0.4497719303038979,1.0,12.081778410539188,1.789294558502393
krr-n8000-lambda0.01-seed08,8,8000,0.01,0.1283839558196658,0.7681570351749534,1.0,37.59947291854085,1.8185796405216008
krr-n8000-lambda0.01-seed09,9,8000,0.01,0.1360024865392868,0.6613977566333571,1.0,28.12023912763651,1.8329593179481265
krr-n8000-lambda0.01-seed10,10,8000,0.01,0.1163816502024798,0.5243129139378555,1.0,18.827903164299727,1.012037566626966
krr-n8000-lambda0.01-seed11,11,8000,0.01,0.0761803788658449,0.0795248395487433,1.0,2.058853442311679,1.8842902983066927
krr-n8000-lambda0.01-seed12,12,8000,0.01,0.0949770249349086,0.2546418429903609,1.0,13.125117465655132,1.5577908833749166
krr-n8000-lambda0.01-seed13,13,8000,0.01,0.1283738612149847,0.5715061079215493,1.0,23.32126425575377,2.6031844243305824
krr-n8000-lambda0.01-seed14,14,8000,0.01,0.1327814764114589,0.6371579063335036,0.9999999999999998,27.659123417265867,2.947903107234795
krr-n8000-lambda0.01-seed15,15,8000,0.01,0.1144468918778991,0.3518403159162981,1.0,14.49429133866936,1.712879687875437
krr-n8000-lambda0.01-seed16,16,8000,0.01,0.1126837244309647,0.5899244265545962,1.0,29.678605000451565,1.2344598546252
krr-n8000-lambda0.01-seed17,17,8000,0.01,0.1504353173259811,0.2458862039089683,1.0,4.982583076889462,0.8881554138956211
krr-n8000-lambda0.01-seed18,18,8000,0.01,0.1342766187619652,0.2473338182370322,1.0,6.479360004223128,0.4308517180447653
krr-n8000-lambda0.01-seed19,19,8000,0.01,0.1534150066262962,0.4444563469707702,1.0000000000000002,11.337036705701252,1.3040131772066343
krr-n8000-lambda0.1-seed00,0,8000,0.1,0.1313188774170235,0.2622652222993511,1.0,7.176408134516997,1.2950803947627
krr-n8000-lambda0.1-seed01,1,8000,0.1,0.1335734196037842,0.260822928585414,1.0,5.646762294836993,0.8165656886699989
krr-n8000-lambda0.1-seed02,2,8000,0.1,0.115108098127075,0.7527471748541743,1.0,37.21907544851472,1.6089412123165638
krr-n8000-lambda0.1-seed03,3,8000,0.1,0.100884804600948,0.1489415475125183,1.0,1.6350888416413465,1.2080132937433712
krr-n8000-lambda0.1-seed04,4,8000,0.1,0.0751707488373363,0.2768635577136957,1.0,15.7052325054319,1.7636152858232508
krr-n8000-lambda0.1-seed05,5,8000,0.1,0.0922002164597093,0.7435078317463477,1.0,39.24424360391279,5.189783486955833
krr-n8000-lambda0.1-seed06,6,8000,0.1,0.1370201838216467,0.2921998214027108,1.0,5.419296602834566,0.7854591630986999
krr-n8000-lambda0.1-seed07,7,8000,0.1,0.1520056947554108,0.5050307391365816,1.0,12.785525786746076,1.3482288349797402
krr-n8000-lambda0.1-seed08,8,8000,0.1,0.1283839558196658,0.678135424972709,1.0,17.56280789866861,4.392337552195547
krr-n8000-lambda0.1-seed09,9,8000,0.1,0.1360024865392868,0.3703766411504711,1.0,9.258353023093322,1.3219801101803463
krr-n8000-lambda0.1-seed10,10,8000,0.1,0.1163816502024798,0.776468458445509,1.0,31.095378172608367,5.976909722880661
krr-n8000-lambda0.1-seed11,11,8000,0.1,0.0761803788658449,1.0301444317600748,1.0,143.50921291092004,6.291991717415908
krr-n8000-lambda0.1-seed12,12,8000,0.1,0.0949770272675797,0.9494473795453524,1.0,80.10477694806099,6.834808715887897
krr-n8000-lambda0.1-seed13,13,8000,0.1,0.1283738612149847,0.5066009452908133,1.0,10.365106994442709,1.4809341026494298
krr-n8000-lambda0.1-seed14,14,8000,0.1,0.1327814764114589,0.3176335369417216,0.9999999999999998,7.15785537449624,1.2636135438630436
krr-n8000-lambda0.1-seed15,15,8000,0.1,0.1144468918778991,0.2652735444764903,1.0,7.829522311949377,0.8789333923917881
krr-n8000-lambda0.1-seed16,16,8000,0.1,0.1126837244309647,0.339817103569433,1.0,11.42176238774227,1.2355694964757726
krr-n8000-lambda0.1-seed17,17,8000,0.1,0.1504353173259811,0.505827464264963,1.0,15.4866171630233,1.8142544202825075
krr-n8000-lambda0.1-seed18,18,8000,0.1,0.1342766187619652,0.406439542569843,1.0,11.42134093718074,1.1120235934925715
krr-n8000-lambda0.1-seed19,19,8000,0.1,0.1534150066262962,0.6364448184697241,1.0000000000000002,22.20046007305118,6.879412380915476
krr-n8000-lambda1-seed00,0,8000,1.0,0.1313188774170235,0.224499304322881,1.0,3.9028722265896856,1.2580719664963176
krr-n8000-lambda1-seed01,1,8000,1.0,0.1335734196037842,0.3812305722893994,1.0,8.643452223728762,0.9780879624071708
krr-n8000-lambda1-seed02,2,8000,1.0,0.1151081321363459,0.8031860574667122,1.0,43.8317482204096,1.7014877352954796
krr-n8000-lambda1-seed03,3,8000,1.0,0.100884804600948,1.447214651904709,1.0,183.46386163900075,5.308268338439548
krr-n8000-lambda1-seed04,4,8000,1.0,0.0751707488373363,0.6558838501941551,1.0,41.7307107069401,1.6069499949166075
krr-n8000-lambda1-seed05,5,8000,1.0,0.0922002164597093,0.4557869773886959,1.0,16.543764399394497,1.0994937964430944
krr-n8000-lambda1-seed06,6,8000,1.0,0.1370201978720025,0.4223242392931322,1.0,7.767451247712136,1.9896213793617492
krr-n8000-lambda1-seed07,7,8000,1.0,0.1520056947554108,0.326878019266874,1.0,5.192866328330704,0.9569092718088112
krr-n8000-lambda1-seed08,8,8000,1.0,0.1283839556800035,0.6694139956111598,1.0,16.015695820027677,1.391815499414926
krr-n8000-lambda1-seed09,9,8000,1.0,0.1360024865392868,0.7174409221895454,1.0,26.80966909014485,3.021120988550078
krr-n8000-lambda1-seed10,10,8000,1.0,0.1163816502024798,0.3379659868535076,1.0,6.48215709897454,1.3776396944522058
krr-n8000-lambda1-seed11,11,8000,1.0,0.0761803788658449,1.2324885423941263,1.0,142.82408311544197,7.1010510309669375
krr-n8000-lambda1-seed12,12,8000,1.0,0.0949770249349086,0.10166451147286,1.0,2.261054953093185,1.4748760793636029
krr-n8000-lambda1-seed13,13,8000,1.0,0.1283738612149847,0.6650568065217786,1.0,25.04471187607526,1.8124865388736795
krr-n8000-lambda1-seed14,14,8000,1.0,0.1327814764114589,0.680978501940422,0.9999999999999998,20.953156210710823,1.8398006768503203
krr-n8000-lambda1-seed15,15,8000,1.0,0.1144468918778991,0.7940123600952835,1.0,41.04345918722996,2.677421772971047
krr-n8000-lambda1-seed16,16,8000,1.0,0.1126837244309647,0.2271570942442187,1.0,3.9351407462016494,1.2697901927357012
krr-n8000-lambda1-seed17,17,8000,1.0,0.1504353173259811,0.8187268482661771,1.0,38.22786350815693,4.444004764017231
krr-n8000-lambda1-seed18,18,8000,1.0,0.1342766187619652,0.680955454527271,1.0,28.489146374316803,1.0337548463845732
krr-n8000-lambda1-seed19,19,8000,1.0,0.1534150066262962,0.7948217752320972,1.0000000000000002,32.93244852049435,4.097053155974298
