fit_id,approximator,master_seed,n_subjects,t_per_subject,n_transitions,lambda_dimensionless,selected_sample_size_view,fixed_n_all_lambda_view,J_raw_mean,J_raw_std,J_normalized_mean,J_normalized_std,episodes,horizon,evaluation_seed
krr-n4000-lambda0.01-seed15,nystrom_krr,15,200,20,4000,0.01,True,False,13.878894678984953,1.0061031587085427,0.6939447339492482,0.0503051579354271,1000,100,2169158707
krr-n2000-lambda0.01-seed03,nystrom_krr,3,100,20,2000,0.01,True,False,14.453456506727637,0.8851039644662038,0.7226728253363824,0.0442551982233102,1000,100,470679018
krr-n32000-lambda0.1-seed19,nystrom_krr,19,1600,20,32000,0.1,True,False,13.741637599051296,0.9518815959696552,0.6870818799525655,0.0475940797984828,1000,100,2454136335
krr-n8000-lambda0.01-seed18,nystrom_krr,18,400,20,8000,0.01,True,True,13.51791196798961,1.650525296228316,0.6758955983994811,0.0825262648114158,1000,100,1806977385
krr-n16000-lambda0.0001-seed10,nystrom_krr,10,800,20,16000,0.0001,True,False,14.036443174340002,1.4323420654934584,0.7018221587170008,0.0716171032746729,1000,100,998231945
krr-n8000-lambda0.001-seed14,nystrom_krr,14,400,20,8000,0.001,True,True,13.706607823481546,1.5734651893791307,0.6853303911740779,0.0786732594689566,1000,100,923769780
krr-n16000-lambda0.1-seed05,nystrom_krr,5,800,20,16000,0.1,True,False,13.56215282297767,0.7789010272159078,0.678107641148884,0.0389450513607954,1000,100,302915322
krr-n32000-lambda0.0001-seed01,nystrom_krr,1,1600,20,32000,0.0001,True,False,12.592639767455962,0.7802673733773788,0.6296319883727987,0.0390133686688689,1000,100,2709234296
krr-n2000-lambda0.01-seed18,nystrom_krr,18,100,20,2000,0.01,True,False,14.39269408266808,0.6620295281543962,0.7196347041334047,0.0331014764077198,1000,100,1806977385
krr-n8000-lambda0.0001-seed12,nystrom_krr,12,400,20,8000,0.0001,True,True,13.525555327587208,1.3931443043096536,0.676277766379361,0.0696572152154827,1000,100,905318374
krr-n8000-lambda0.001-seed05,nystrom_krr,5,400,20,8000,0.001,True,True,14.017359997466082,0.7481480378242107,0.7008679998733048,0.0374074018912105,1000,100,302915322
krr-n8000-lambda0.0001-seed06,nystrom_krr,6,400,20,8000,0.0001,True,True,13.766122369069702,1.3252644734956045,0.6883061184534858,0.0662632236747802,1000,100,3388775872
krr-n4000-lambda0.01-seed09,nystrom_krr,9,200,20,4000,0.01,True,False,13.244195845340125,1.6121251653556403,0.6622097922670067,0.080606258267782,1000,100,2983879141
krr-n16000-lambda0.01-seed01,nystrom_krr,1,800,20,16000,0.01,True,False,13.85024486272132,0.8664645920108339,0.6925122431360665,0.0433232296005417,1000,100,2709234296
krr-n4000-lambda0.1-seed18,nystrom_krr,18,200,20,4000,0.1,True,False,13.601268140526171,0.8048791557975804,0.6800634070263091,0.040243957789879,1000,100,1806977385
krr-n4000-lambda0.1-seed14,nystrom_krr,14,200,20,4000,0.1,True,False,13.422519462108491,1.5919781224583172,0.6711259731054251,0.0795989061229159,1000,100,923769780
krr-n16000-lambda0.0001-seed03,nystrom_krr,3,800,20,16000,0.0001,True,False,13.200298848770384,1.464285623920492,0.6600149424385198,0.0732142811960246,1000,100,470679018
krr-n8000-lambda0.1-seed19,nystrom_krr,19,400,20,8000,0.1,True,True,13.913006537016928,0.8461874278557825,0.6956503268508469,0.0423093713927891,1000,100,2454136335
krr-n8000-lambda0.1-seed00,nystrom_krr,0,400,20,8000,0.1,True,True,14.159824818764136,1.081037099319939,0.7079912409382075,0.0540518549659969,1000,100,2685239924
krr-n2000-lambda0.1-seed17,nystrom_krr,17,100,20,2000,0.1,True,False,14.239540794201384,0.5774396291149443,0.7119770397100699,0.0288719814557472,1000,100,3558748687
krr-n4000-lambda0.1-seed16,nystrom_krr,16,200,20,4000,0.1,True,False,13.652182777755993,1.6059849811756493,0.6826091388878001,0.0802992490587825,1000,100,2823810571
krr-n8000-lambda0.01-seed01,nystrom_krr,1,400,20,8000,0.01,True,True,14.059726586317463,0.9646696451591352,0.7029863293158739,0.0482334822579568,1000,100,2709234296
krr-n2000-lambda0.0001-seed01,nystrom_krr,1,100,20,2000,0.0001,True,False,14.341468726930591,0.8440387646527185,0.7170734363465301,0.0422019382326359,1000,100,2709234296
krr-n4000-lambda0.01-seed07,nystrom_krr,7,200,20,4000,0.01,True,False,13.994500736587842,0.8587046709339322,0.6997250368293926,0.0429352335466966,1000,100,1909855518
krr-n16000-lambda1-seed17,nystrom_krr,17,800,20,16000,1.0,True,False,13.061868975571375,1.0253242724454372,0.6530934487785693,0.0512662136222719,1000,100,3558748687
krr-n2000-lambda0.01-seed14,nystrom_krr,14,100,20,2000,0.01,True,False,14.051806620433204,1.0354170678790515,0.7025903310216609,0.0517708533939526,1000,100,923769780
krr-n4000-lambda0.01-seed13,nystrom_krr,13,200,20,4000,0.01,True,False,14.12448939389465,0.5481717487168538,0.7062244696947332,0.0274085874358427,1000,100,4015478562
krr-n4000-lambda1-seed01,nystrom_krr,1,200,20,4000,1.0,True,False,14.27100705590148,0.8912758727708441,0.7135503527950747,0.0445637936385422,1000,100,2709234296
krr-n4000-lambda0.0001-seed17,nystrom_krr,17,200,20,4000,0.0001,True,False,13.64844935529243,0.8735993842062447,0.6824224677646221,0.0436799692103122,1000,100,3558748687
krr-n2000-lambda1-seed10,nystrom_krr,10,100,20,2000,1.0,True,False,13.934178772420658,0.846723903923651,0.6967089386210337,0.0423361951961825,1000,100,998231945
krr-n16000-lambda0.1-seed19,nystrom_krr,19,800,20,16000,0.1,True,False,13.295105001509004,1.0542530055276904,0.6647552500754507,0.0527126502763845,1000,100,2454136335
krr-n32000-lambda0.1-seed10,nystrom_krr,10,1600,20,32000,0.1,True,False,13.209615268476842,1.5001072908477533,0.6604807634238428,0.0750053645423877,1000,100,998231945
krr-n16000-lambda0.1-seed06,nystrom_krr,6,800,20,16000,0.1,True,False,12.96723255612895,1.111067073994509,0.648361627806448,0.0555533536997255,1000,100,3388775872
krr-n8000-lambda0.001-seed07,nystrom_krr,7,400,20,8000,0.001,True,True,13.899813998610483,0.9800045838525622,0.6949906999305246,0.0490002291926281,1000,100,1909855518
krr-n32000-lambda0.01-seed04,nystrom_krr,4,1600,20,32000,0.01,True,False,12.717551151828186,1.2038324570530887,0.6358775575914098,0.0601916228526544,1000,100,3945271810
krr-n2000-lambda0.1-seed02,nystrom_krr,2,100,20,2000,0.1,True,False,14.267403024334298,0.8724198638193337,0.7133701512167157,0.0436209931909667,1000,100,1095395228
krr-n32000-lambda0.1-seed06,nystrom_krr,6,1600,20,32000,0.1,True,False,11.947208441139528,1.610898365013718,0.5973604220569768,0.0805449182506859,1000,100,3388775872
krr-n32000-lambda0.1-seed09,nystrom_krr,9,1600,20,32000,0.1,True,False,12.201834315050286,1.65322920076243,0.6100917157525148,0.0826614600381215,1000,100,2983879141
krr-n32000-lambda0.01-seed08,nystrom_krr,8,1600,20,32000,0.01,True,False,13.24263359343685,1.4829525837714568,0.662131679671843,0.0741476291885729,1000,100,2022697987
krr-n4000-lambda0.01-seed12,nystrom_krr,12,200,20,4000,0.01,True,False,13.944888432210965,0.9673399415046982,0.6972444216105488,0.0483669970752349,1000,100,905318374
krr-n8000-lambda1-seed16,nystrom_krr,16,400,20,8000,1.0,True,True,13.42677831730384,1.513467280622572,0.6713389158651925,0.0756733640311286,1000,100,2823810571
krr-n8000-lambda0.0001-seed13,nystrom_krr,13,400,20,8000,0.0001,True,True,14.012679142770804,1.0673054078029958,0.700633957138541,0.0533652703901498,1000,100,4015478562
krr-n32000-lambda0.0001-seed16,nystrom_krr,16,1600,20,32000,0.0001,True,False,12.882542681749856,1.7150632300012083,0.6441271340874933,0.0857531615000604,1000,100,2823810571
krr-n8000-lambda0.1-seed09,nystrom_krr,9,400,20,8000,0.1,True,True,14.093581035187384,1.0028954099195608,0.7046790517593698,0.050144770495978,1000,100,2983879141
krr-n16000-lambda0.01-seed14,nystrom_krr,14,800,20,16000,0.01,True,False,13.893564437193644,1.1840782593706418,0.694678221859683,0.0592039129685321,1000,100,923769780
krr-n8000-lambda0.1-seed15,nystrom_krr,15,400,20,8000,0.1,True,True,13.808045737028326,1.3208078520981634,0.6904022868514169,0.0660403926049082,1000,100,2169158707
krr-n16000-lambda0.1-seed15,nystrom_krr,15,800,20,16000,0.1,True,False,13.213045751848105,1.287750523654705,0.6606522875924059,0.0643875261827353,1000,100,2169158707
krr-n8000-lambda0.1-seed02,nystrom_krr,2,400,20,8000,0.1,True,True,12.628962728689611,0.9493395875273382,0.6314481364344812,0.0474669793763669,1000,100,1095395228
krr-n32000-lambda0.01-seed12,nystrom_krr,12,1600,20,32000,0.01,True,False,12.647361741731128,1.9553266630569013,0.632368087086557,0.0977663331528451,1000,100,905318374
krr-n4000-lambda0.01-seed05,nystrom_krr,5,200,20,4000,0.01,True,False,14.289115872648788,0.6549997791994986,0.7144557936324399,0.0327499889599749,1000,100,302915322
krr-n8000-lambda0.0001-seed08,nystrom_krr,8,400,20,8000,0.0001,True,True,12.03061482878529,0.9349886167896304,0.6015307414392649,0.0467494308394815,1000,100,2022697987
krr-n16000-lambda0.1-seed02,nystrom_krr,2,800,20,16000,0.1,True,False,13.183259060238695,1.4373260501001146,0.6591629530119353,0.0718663025050058,1000,100,1095395228
krr-n2000-lambda0.0001-seed12,nystrom_krr,12,100,20,2000,0.0001,True,False,14.089134062363796,0.7759315829552288,0.7044567031181903,0.0387965791477614,1000,100,905318374
krr-n16000-lambda1-seed04,nystrom_krr,4,800,20,16000,1.0,True,False,12.393384942034784,0.9548986656305052,0.6196692471017398,0.0477449332815253,1000,100,3945271810
krr-n4000-lambda1-seed00,nystrom_krr,0,200,20,4000,1.0,True,False,13.558681834990448,0.6364602107273035,0.6779340917495231,0.0318230105363652,1000,100,2685239924
krr-n32000-lambda0.0001-seed07,nystrom_krr,7,1600,20,32000,0.0001,True,False,14.075008117153518,0.8154705594000762,0.7037504058576765,0.0407735279700038,1000,100,1909855518
krr-n4000-lambda1-seed08,nystrom_krr,8,200,20,4000,1.0,True,False,14.166267637429904,0.8401448289998892,0.7083133818714958,0.0420072414499944,1000,100,2022697987
krr-n32000-lambda1-seed02,nystrom_krr,2,1600,20,32000,1.0,True,False,11.779049305279678,1.3827999477441248,0.5889524652639846,0.0691399973872062,1000,100,1095395228
krr-n2000-lambda0.01-seed15,nystrom_krr,15,100,20,2000,0.01,True,False,13.935282853779263,0.6572703763978378,0.6967641426889639,0.0328635188198919,1000,100,2169158707
krr-n4000-lambda0.0001-seed03,nystrom_krr,3,200,20,4000,0.0001,True,False,13.935968416442613,0.7504537314769337,0.6967984208221312,0.0375226865738467,1000,100,470679018
krr-n8000-lambda0.01-seed11,nystrom_krr,11,400,20,8000,0.01,True,True,13.231090300797048,0.9452837471542878,0.661554515039853,0.0472641873577144,1000,100,1194072084
krr-n32000-lambda1-seed14,nystrom_krr,14,1600,20,32000,1.0,True,False,13.608460214222072,1.2209228298111,0.6804230107111041,0.061046141490555,1000,100,923769780
krr-n2000-lambda0.001-seed00,nystrom_krr,0,100,20,2000,0.001,True,False,14.16508955063544,0.8606015984720555,0.7082544775317726,0.0430300799236028,1000,100,2685239924
krr-n4000-lambda0.001-seed04,nystrom_krr,4,200,20,4000,0.001,True,False,14.0590556001602,0.7072648228207868,0.7029527800080108,0.0353632411410393,1000,100,3945271810
krr-n4000-lambda0.001-seed11,nystrom_krr,11,200,20,4000,0.001,True,False,14.136282797868049,1.2720681939932446,0.706814139893403,0.0636034096996622,1000,100,1194072084
krr-n16000-lambda1-seed13,nystrom_krr,13,800,20,16000,1.0,True,False,12.661825251183656,0.7210367116024082,0.6330912625591834,0.0360518355801204,1000,100,4015478562
krr-n16000-lambda0.0001-seed00,nystrom_krr,0,800,20,16000,0.0001,True,False,13.38749020192626,1.6002848857296508,0.6693745100963137,0.0800142442864826,1000,100,2685239924
krr-n32000-lambda0.1-seed03,nystrom_krr,3,1600,20,32000,0.1,True,False,13.459106508758731,1.152663355907731,0.6729553254379375,0.0576331677953866,1000,100,470679018
krr-n8000-lambda0.0001-seed10,nystrom_krr,10,400,20,8000,0.0001,True,True,14.21877339413941,0.9688405115786044,0.7109386697069711,0.0484420255789302,1000,100,998231945
krr-n32000-lambda0.1-seed00,nystrom_krr,0,1600,20,32000,0.1,True,False,13.303037275444412,1.412084749605638,0.6651518637722212,0.0706042374802819,1000,100,2685239924
krr-n2000-lambda0.001-seed06,nystrom_krr,6,100,20,2000,0.001,True,False,14.154948112102284,1.5540423298049462,0.7077474056051148,0.0777021164902473,1000,100,3388775872
krr-n2000-lambda0.0001-seed09,nystrom_krr,9,100,20,2000,0.0001,True,False,13.90059259129348,0.5597805414993874,0.6950296295646747,0.0279890270749694,1000,100,2983879141
krr-n2000-lambda0.0001-seed05,nystrom_krr,5,100,20,2000,0.0001,True,False,14.013391723437987,0.8184460803695408,0.7006695861719001,0.040922304018477,1000,100,302915322
krr-n4000-lambda0.1-seed06,nystrom_krr,6,200,20,4000,0.1,True,False,13.87094596003249,1.2016122807384266,0.6935472980016251,0.0600806140369213,1000,100,3388775872
krr-n2000-lambda0.0001-seed11,nystrom_krr,11,100,20,2000,0.0001,True,False,14.26786715791942,0.6401067631743327,0.7133933578959716,0.0320053381587166,1000,100,1194072084
krr-n2000-lambda0.001-seed19,nystrom_krr,19,100,20,2000,0.001,True,False,14.336949748367704,0.7747986950293734,0.7168474874183858,0.0387399347514687,1000,100,2454136335
krr-n32000-lambda0.0001-seed05,nystrom_krr,5,1600,20,32000,0.0001,True,False,12.298829800556152,1.2649133924507858,0.6149414900278082,0.0632456696225393,1000,100,302915322
krr-n8000-lambda0.01-seed17,nystrom_krr,17,400,20,8000,0.01,True,True,13.88691716340064,0.8632752292429683,0.6943458581700327,0.0431637614621484,1000,100,3558748687
krr-n16000-lambda0.01-seed09,nystrom_krr,9,800,20,16000,0.01,True,False,12.09358537210514,1.1837079031487354,0.6046792686052574,0.0591853951574368,1000,100,2983879141
krr-n32000-lambda0.001-seed11,nystrom_krr,11,1600,20,32000,0.001,True,False,13.252651773719329,1.6952346346410534,0.662632588685967,0.0847617317320527,1000,100,1194072084
krr-n8000-lambda0.0001-seed03,nystrom_krr,3,400,20,8000,0.0001,True,True,14.272778968865524,1.3668971921446968,0.7136389484432768,0.0683448596072349,1000,100,470679018
krr-n32000-lambda0.001-seed13,nystrom_krr,13,1600,20,32000,0.001,True,False,12.03188698363919,0.5865163244554311,0.60159434918196,0.0293258162227715,1000,100,4015478562
krr-n32000-lambda1-seed17,nystrom_krr,17,1600,20,32000,1.0,True,False,13.69782625887438,1.0372848151633014,0.6848913129437195,0.0518642407581651,1000,100,3558748687
krr-n16000-lambda0.01-seed12,nystrom_krr,12,800,20,16000,0.01,True,False,12.597812441313726,1.8532667602075128,0.6298906220656869,0.0926633380103757,1000,100,905318374
krr-n2000-lambda0.1-seed08,nystrom_krr,8,100,20,2000,0.1,True,False,14.20910974572907,0.8489824650903054,0.710455487286454,0.0424491232545153,1000,100,2022697987
krr-n16000-lambda0.1-seed11,nystrom_krr,11,800,20,16000,0.1,True,False,13.575592166005377,0.8743699209218226,0.6787796083002695,0.0437184960460911,1000,100,1194072084
krr-n16000-lambda0.01-seed08,nystrom_krr,8,800,20,16000,0.01,True,False,13.431880655103674,1.186449987290103,0.6715940327551844,0.0593224993645052,1000,100,2022697987
krr-n16000-lambda1-seed07,nystrom_krr,7,800,20,16000,1.0,True,False,13.560810678254128,1.4443726379492676,0.6780405339127071,0.0722186318974634,1000,100,1909855518
krr-n4000-lambda0.1-seed10,nystrom_krr,10,200,20,4000,0.1,True,False,14.177129839164136,0.8230947952737526,0.7088564919582074,0.0411547397636876,1000,100,998231945
krr-n16000-lambda0.01-seed16,nystrom_krr,16,800,20,16000,0.01,True,False,12.873947597667485,0.8564916566925161,0.6436973798833746,0.0428245828346258,1000,100,2823810571
krr-n2000-lambda1-seed04,nystrom_krr,4,100,20,2000,1.0,True,False,13.965831557450413,0.6756910144712519,0.6982915778725212,0.0337845507235626,1000,100,3945271810
krr-n2000-lambda1-seed07,nystrom_krr,7,100,20,2000,1.0,True,False,14.421776189468304,0.7147228443590662,0.7210888094734157,0.0357361422179533,1000,100,1909855518
krr-n32000-lambda0.1-seed18,nystrom_krr,18,1600,20,32000,0.1,True,False,12.418252203041844,1.6922409812694164,0.6209126101520929,0.0846120490634708,1000,100,1806977385
krr-n4000-lambda0.01-seed19,nystrom_krr,19,200,20,4000,0.01,True,False,14.14229252962809,1.347853036630229,0.7071146264814051,0.0673926518315115,1000,100,2454136335
krr-n2000-lambda1-seed16,nystrom_krr,16,100,20,2000,1.0,True,False,14.403321967687866,0.8075685949779823,0.7201660983843937,0.0403784297488991,1000,100,2823810571
krr-n8000-lambda0.01-seed04,nystrom_krr,4,400,20,8000,0.01,True,True,12.519845127392257,1.6493507999527637,0.6259922563696134,0.0824675399976382,1000,100,3945271810
krr-n32000-lambda1-seed15,nystrom_krr,15,1600,20,32000,1.0,True,False,13.006433024366466,0.9725833167771746,0.6503216512183237,0.0486291658388587,1000,100,2169158707
krr-n16000-lambda0.01-seed18,nystrom_krr,18,800,20,16000,0.01,True,False,12.308356656374766,0.8006422936000608,0.6154178328187389,0.040032114680003,1000,100,1806977385
krr-n2000-lambda0.001-seed13,nystrom_krr,13,100,20,2000,0.001,True,False,14.309730226422923,0.6416693972673518,0.7154865113211468,0.0320834698633676,1000,100,4015478562
krr-n4000-lambda0.01-seed02,nystrom_krr,2,200,20,4000,0.01,True,False,13.70499472292899,1.1951530979519904,0.6852497361464502,0.0597576548975995,1000,100,1095395228
