fit_id_ffqi,approximator_ffqi,master_seed,n_subjects_ffqi,t_per_subject_ffqi,n_transitions,lambda_dimensionless,selected_sample_size_view,fixed_n_all_lambda_view,J_raw_mean_ffqi,J_raw_std_ffqi,J_normalized_mean_ffqi,J_normalized_std_ffqi,episodes_ffqi,horizon_ffqi,evaluation_seed_ffqi,fit_id_constant,method,approximator_constant,n_subjects_constant,t_per_subject_constant,data_pool_id,checkpoint_iteration,gamma,episodes_constant,horizon_constant,evaluation_seed_constant,evaluation_seed_namespace,J_raw_mean_constant,J_raw_std_constant,J_normalized_mean_constant,J_normalized_std_constant,scientific_complete,wall_time_sec,difference
adafnn-n32000-lambda0.0001-seed09,adafnn,9,1600,20,32000,0.0001,True,False,13.330859676975146,1.8634639509474835,0.6665429838487578,0.0931731975473742,1000,100,2983879141,adafnn-constant-n32000-seed09,constant_action_fqi,adafnn,1600,20,pendulum-seed09,20,0.95,1000,100,2983879141,oracle_lambda_reporting_v1,10.168639348747924,0.5053248005078645,0.5084319674373966,0.0252662400253932,True,11020.549207687378,0.1581110164113611
adafnn-n2000-lambda0.0001-seed08,adafnn,8,100,20,2000,0.0001,True,False,10.51970611459987,0.968356670387307,0.525985305729994,0.0484178335193653,1000,100,2022697987,adafnn-constant-n2000-seed08,constant_action_fqi,adafnn,100,20,pendulum-seed08,20,0.95,1000,100,2022697987,oracle_lambda_reporting_v1,10.954427221239197,1.1774747378721286,0.5477213610619603,0.0588737368936064,True,819.7679903507233,-0.0217360553319663
adafnn-n4000-lambda0.001-seed00,adafnn,0,200,20,4000,0.001,True,False,10.1724508398029,0.3856418580330634,0.5086225419901454,0.0192820929016531,1000,100,2685239924,adafnn-constant-n4000-seed00,constant_action_fqi,adafnn,200,20,pendulum-seed00,20,0.95,1000,100,2685239924,oracle_lambda_reporting_v1,10.160680441112662,0.3762925788836066,0.5080340220556335,0.0188146289441803,True,1268.3536541461945,0.0005885199345119
adafnn-n32000-lambda0.01-seed08,adafnn,8,1600,20,32000,0.01,True,False,11.391073379969722,0.4295635100994864,0.5695536689984866,0.0214781755049743,1000,100,2022697987,adafnn-constant-n32000-seed08,constant_action_fqi,adafnn,1600,20,pendulum-seed08,20,0.95,1000,100,2022697987,oracle_lambda_reporting_v1,11.628998571092175,0.8215342917608093,0.5814499285546092,0.0410767145880405,True,4120.987090826035,-0.0118962595561226
adafnn-n32000-lambda0.0001-seed12,adafnn,12,1600,20,32000,0.0001,True,False,14.829685511498422,0.7531786404123278,0.7414842755749217,0.0376589320206164,1000,100,905318374,adafnn-constant-n32000-seed12,constant_action_fqi,adafnn,1600,20,pendulum-seed12,20,0.95,1000,100,905318374,oracle_lambda_reporting_v1,11.02107679672242,1.2119436100581786,0.5510538398361214,0.0605971805029089,True,12100.15445303917,0.1904304357388002
adafnn-n2000-lambda0.001-seed09,adafnn,9,100,20,2000,0.001,True,False,11.535259538800943,0.3394965520859901,0.5767629769400476,0.0169748276042995,1000,100,2983879141,adafnn-constant-n2000-seed09,constant_action_fqi,adafnn,100,20,pendulum-seed09,20,0.95,1000,100,2983879141,oracle_lambda_reporting_v1,10.08431451476941,0.4344036713443416,0.504215725738471,0.0217201835672171,True,946.8990993499756,0.0725472512015766
adafnn-n2000-lambda0.0001-seed19,adafnn,19,100,20,2000,0.0001,True,False,10.939245034473148,1.1582900172015955,0.5469622517236578,0.0579145008600798,1000,100,2454136335,adafnn-constant-n2000-seed19,constant_action_fqi,adafnn,100,20,pendulum-seed19,20,0.95,1000,100,2454136335,oracle_lambda_reporting_v1,10.056281858289193,0.3207085210851508,0.5028140929144599,0.0160354260542575,True,230.58435988426208,0.0441481588091978
adafnn-n2000-lambda0.01-seed16,adafnn,16,100,20,2000,0.01,True,False,11.01604992521821,1.1601505041111388,0.550802496260911,0.0580075252055569,1000,100,2823810571,adafnn-constant-n2000-seed16,constant_action_fqi,adafnn,100,20,pendulum-seed16,20,0.95,1000,100,2823810571,oracle_lambda_reporting_v1,10.494609286650556,0.6086948899312928,0.5247304643325283,0.0304347444965646,True,770.1075477600098,0.0260720319283827
adafnn-n8000-lambda0.1-seed14,adafnn,14,400,20,8000,0.1,True,True,10.992151415887047,1.1913910769333138,0.549607570794353,0.0595695538466657,1000,100,923769780,adafnn-constant-n8000-seed14,constant_action_fqi,adafnn,400,20,pendulum-seed14,20,0.95,1000,100,923769780,oracle_lambda_reporting_v1,10.24226113440451,0.4989082578773427,0.5121130567202258,0.0249454128938671,True,777.2665798664093,0.0374945140741271
adafnn-n32000-lambda1-seed17,adafnn,17,1600,20,32000,1.0,True,False,10.95569475288439,0.3143078246994151,0.5477847376442201,0.0157153912349707,1000,100,3558748687,adafnn-constant-n32000-seed17,constant_action_fqi,adafnn,1600,20,pendulum-seed17,20,0.95,1000,100,3558748687,oracle_lambda_reporting_v1,10.690698997576586,0.409173192694776,0.5345349498788298,0.0204586596347388,True,8125.272855997086,0.0132497877653903
adafnn-n32000-lambda0.001-seed05,adafnn,5,1600,20,32000,0.001,True,False,13.807354599977376,2.322050182004492,0.6903677299988694,0.1161025091002247,1000,100,302915322,adafnn-constant-n32000-seed05,constant_action_fqi,adafnn,1600,20,pendulum-seed05,20,0.95,1000,100,302915322,oracle_lambda_reporting_v1,13.1153503700747,1.7633790889100447,0.6557675185037356,0.0881689544455023,True,4442.825783491135,0.0346002114951338
adafnn-n32000-lambda0.0001-seed04,adafnn,4,1600,20,32000,0.0001,True,False,13.294428032751814,1.916378096926591,0.6647214016375912,0.0958189048463296,1000,100,3945271810,adafnn-constant-n32000-seed04,constant_action_fqi,adafnn,1600,20,pendulum-seed04,20,0.95,1000,100,3945271810,oracle_lambda_reporting_v1,11.33633639670899,0.5329100611408104,0.5668168198354501,0.0266455030570405,True,6796.562949419022,0.0979045818021411
adafnn-n8000-lambda0.01-seed00,adafnn,0,400,20,8000,0.01,True,True,11.239709600814194,0.4526821254870332,0.5619854800407101,0.0226341062743516,1000,100,2685239924,adafnn-constant-n8000-seed00,constant_action_fqi,adafnn,400,20,pendulum-seed00,20,0.95,1000,100,2685239924,oracle_lambda_reporting_v1,11.01513095861842,1.1848460199125976,0.5507565479309215,0.0592423009956299,True,2482.640679121017,0.0112289321097885
adafnn-n2000-lambda0.1-seed05,adafnn,5,100,20,2000,0.1,True,False,12.20934238801035,0.4844842834226997,0.610467119400518,0.024224214171135,1000,100,302915322,adafnn-constant-n2000-seed05,constant_action_fqi,adafnn,100,20,pendulum-seed05,20,0.95,1000,100,302915322,oracle_lambda_reporting_v1,10.90234656672332,1.0751406457100854,0.5451173283361666,0.0537570322855043,True,1059.9518625736237,0.0653497910643514
adafnn-n4000-lambda0.0001-seed16,adafnn,16,200,20,4000,0.0001,True,False,14.876197760194067,1.6837736724057548,0.7438098880097039,0.0841886836202878,1000,100,2823810571,adafnn-constant-n4000-seed16,constant_action_fqi,adafnn,200,20,pendulum-seed16,20,0.95,1000,100,2823810571,oracle_lambda_reporting_v1,9.99329422138234,0.2320025528901833,0.4996647110691173,0.0116001276445091,True,1556.5287692546844,0.2441451769405866
adafnn-n16000-lambda0.01-seed11,adafnn,11,800,20,16000,0.01,True,False,13.088608479804403,1.6175067833241037,0.6544304239902208,0.0808753391662052,1000,100,1194072084,adafnn-constant-n16000-seed11,constant_action_fqi,adafnn,800,20,pendulum-seed11,20,0.95,1000,100,1194072084,oracle_lambda_reporting_v1,11.011698919904555,1.18274616117637,0.5505849459952283,0.0591373080588185,True,4383.471278429031,0.1038454779949924
adafnn-n16000-lambda0.1-seed17,adafnn,17,800,20,16000,0.1,True,False,13.57430317598826,2.1421027901955307,0.6787151587994137,0.1071051395097766,1000,100,3558748687,adafnn-constant-n16000-seed17,constant_action_fqi,adafnn,800,20,pendulum-seed17,20,0.95,1000,100,3558748687,oracle_lambda_reporting_v1,11.71659794058838,0.837438792318394,0.5858298970294195,0.0418719396159197,True,4667.36854672432,0.0928852617699942
adafnn-n2000-lambda0.0001-seed17,adafnn,17,100,20,2000,0.0001,True,False,10.33825351097558,0.5226297757270788,0.5169126755487795,0.0261314887863539,1000,100,3558748687,adafnn-constant-n2000-seed17,constant_action_fqi,adafnn,100,20,pendulum-seed17,20,0.95,1000,100,3558748687,oracle_lambda_reporting_v1,11.05907602049081,1.1695712870566517,0.552953801024541,0.0584785643528326,True,1011.7682158946992,-0.0360411254757614
adafnn-n32000-lambda0.0001-seed03,adafnn,3,1600,20,32000,0.0001,True,False,14.690781498433644,1.9870837651357696,0.7345390749216828,0.0993541882567885,1000,100,470679018,adafnn-constant-n32000-seed03,constant_action_fqi,adafnn,1600,20,pendulum-seed03,20,0.95,1000,100,470679018,oracle_lambda_reporting_v1,11.29493364888802,0.5104418124688097,0.5647466824444016,0.0255220906234405,True,5436.220456361771,0.1697923924772811
adafnn-n4000-lambda0.1-seed15,adafnn,15,200,20,4000,0.1,True,False,11.90296543994068,0.7583327904414042,0.5951482719970345,0.0379166395220702,1000,100,2169158707,adafnn-constant-n4000-seed15,constant_action_fqi,adafnn,200,20,pendulum-seed15,20,0.95,1000,100,2169158707,oracle_lambda_reporting_v1,10.102093864681668,0.3864603745198786,0.5051046932340838,0.0193230187259939,True,1230.7949655056,0.0900435787629506
adafnn-n2000-lambda0.001-seed01,adafnn,1,100,20,2000,0.001,True,False,10.38878341180114,0.2652143190204187,0.5194391705900574,0.0132607159510209,1000,100,2709234296,adafnn-constant-n2000-seed01,constant_action_fqi,adafnn,100,20,pendulum-seed01,20,0.95,1000,100,2709234296,oracle_lambda_reporting_v1,10.400207486644591,0.6770187888006988,0.5200103743322301,0.0338509394400349,True,1004.6116445064544,-0.0005712037421726
adafnn-n4000-lambda1-seed13,adafnn,13,200,20,4000,1.0,True,False,12.455236873401835,2.088823831372006,0.6227618436700922,0.1044411915686003,1000,100,4015478562,adafnn-constant-n4000-seed13,constant_action_fqi,adafnn,200,20,pendulum-seed13,20,0.95,1000,100,4015478562,oracle_lambda_reporting_v1,10.327798435507216,0.6411330737904443,0.5163899217753612,0.0320566536895222,True,1667.3713448047638,0.1063719218947309
adafnn-n16000-lambda0.001-seed15,adafnn,15,800,20,16000,0.001,True,False,12.351049319098356,2.024594175304088,0.6175524659549183,0.1012297087652044,1000,100,2169158707,adafnn-constant-n16000-seed15,constant_action_fqi,adafnn,800,20,pendulum-seed15,20,0.95,1000,100,2169158707,oracle_lambda_reporting_v1,10.146597807628224,0.450894986840189,0.5073298903814117,0.0225447493420094,True,3434.077140808105,0.1102225755735065
adafnn-n32000-lambda0.001-seed11,adafnn,11,1600,20,32000,0.001,True,False,15.918173074253826,1.6087474754957547,0.7959086537126919,0.0804373737747878,1000,100,1194072084,adafnn-constant-n32000-seed11,constant_action_fqi,adafnn,1600,20,pendulum-seed11,20,0.95,1000,100,1194072084,oracle_lambda_reporting_v1,10.589337448405304,0.6873933722811476,0.5294668724202658,0.0343696686140574,True,5970.04866027832,0.2664417812924261
adafnn-n8000-lambda1-seed17,adafnn,17,400,20,8000,1.0,True,True,12.189413473081151,0.6973250300186045,0.6094706736540582,0.0348662515009302,1000,100,3558748687,adafnn-constant-n8000-seed17,constant_action_fqi,adafnn,400,20,pendulum-seed17,20,0.95,1000,100,3558748687,oracle_lambda_reporting_v1,12.096198205887973,0.965920306349174,0.6048099102943992,0.0482960153174587,True,2805.837733030319,0.0046607633596589
adafnn-n16000-lambda0.01-seed10,adafnn,10,800,20,16000,0.01,True,False,13.877450959512387,2.273426773355694,0.6938725479756199,0.1136713386677847,1000,100,998231945,adafnn-constant-n16000-seed10,constant_action_fqi,adafnn,800,20,pendulum-seed10,20,0.95,1000,100,998231945,oracle_lambda_reporting_v1,12.882439032557109,1.4273962150135309,0.644121951627856,0.0713698107506766,True,1268.7947890758514,0.0497505963477639
adafnn-n8000-lambda0.001-seed10,adafnn,10,400,20,8000,0.001,True,True,15.457729166033984,0.589463612571753,0.7728864583016998,0.0294731806285876,1000,100,998231945,adafnn-constant-n8000-seed10,constant_action_fqi,adafnn,400,20,pendulum-seed10,20,0.95,1000,100,998231945,oracle_lambda_reporting_v1,10.247117898744072,0.3980799084368085,0.5123558949372041,0.0199039954218404,True,3057.469117641449,0.2605305633644956
adafnn-n8000-lambda0.0001-seed03,adafnn,3,400,20,8000,0.0001,True,True,10.5621346696039,0.798817874408451,0.5281067334801954,0.0399408937204225,1000,100,470679018,adafnn-constant-n8000-seed03,constant_action_fqi,adafnn,400,20,pendulum-seed03,20,0.95,1000,100,470679018,oracle_lambda_reporting_v1,12.218067935515853,1.1086607887113196,0.6109033967757932,0.055433039435566,True,2987.441032886505,-0.0827966632955977
adafnn-n4000-lambda0.001-seed17,adafnn,17,200,20,4000,0.001,True,False,12.2397475251823,0.5034024810553577,0.6119873762591156,0.0251701240527679,1000,100,3558748687,adafnn-constant-n4000-seed17,constant_action_fqi,adafnn,200,20,pendulum-seed17,20,0.95,1000,100,3558748687,oracle_lambda_reporting_v1,10.41211418095473,0.5703911664375833,0.5206057090477371,0.0285195583218791,True,1577.0110726356506,0.0913816672113785
adafnn-n4000-lambda1-seed12,adafnn,12,200,20,4000,1.0,True,False,12.787204131075956,1.3419862081295777,0.6393602065537984,0.0670993104064789,1000,100,905318374,adafnn-constant-n4000-seed12,constant_action_fqi,adafnn,200,20,pendulum-seed12,20,0.95,1000,100,905318374,oracle_lambda_reporting_v1,13.415687934395557,1.9877324478426084,0.6707843967197783,0.0993866223921305,True,1012.2497565746309,-0.0314241901659798
adafnn-n32000-lambda0.0001-seed13,adafnn,13,1600,20,32000,0.0001,True,False,14.391369911396044,1.9272962289248128,0.719568495569803,0.0963648114462407,1000,100,4015478562,adafnn-constant-n32000-seed13,constant_action_fqi,adafnn,1600,20,pendulum-seed13,20,0.95,1000,100,4015478562,oracle_lambda_reporting_v1,10.20291087052446,0.4253530568569394,0.5101455435262233,0.0212676528428469,True,5354.5399878025055,0.2094229520435796
adafnn-n4000-lambda0.1-seed03,adafnn,3,200,20,4000,0.1,True,False,10.677113301816645,0.4478173894276485,0.5338556650908327,0.0223908694713824,1000,100,470679018,adafnn-constant-n4000-seed03,constant_action_fqi,adafnn,200,20,pendulum-seed03,20,0.95,1000,100,470679018,oracle_lambda_reporting_v1,10.239356633245102,0.494948803198374,0.5119678316622555,0.0247474401599187,True,863.6566863059998,0.0218878334285772
adafnn-n16000-lambda0.0001-seed08,adafnn,8,800,20,16000,0.0001,True,False,13.662866523540847,2.159557227356715,0.683143326177043,0.1079778613678358,1000,100,2022697987,adafnn-constant-n16000-seed08,constant_action_fqi,adafnn,800,20,pendulum-seed08,20,0.95,1000,100,2022697987,oracle_lambda_reporting_v1,12.067897100038852,0.7803358822299183,0.6033948550019431,0.0390167941114959,True,2909.497239112854,0.0797484711750998
adafnn-n16000-lambda0.01-seed09,adafnn,9,800,20,16000,0.01,True,False,11.83310562565748,0.6564507315180143,0.5916552812828744,0.0328225365759007,1000,100,2983879141,adafnn-constant-n16000-seed09,constant_action_fqi,adafnn,800,20,pendulum-seed09,20,0.95,1000,100,2983879141,oracle_lambda_reporting_v1,10.862281328444157,0.3818338167677836,0.5431140664222083,0.0190916908383891,True,4627.240721940994,0.048541214860666
adafnn-n2000-lambda0.001-seed00,adafnn,0,100,20,2000,0.001,True,False,10.149888049169764,0.3172814471333512,0.5074944024584886,0.0158640723566675,1000,100,2685239924,adafnn-constant-n2000-seed00,constant_action_fqi,adafnn,100,20,pendulum-seed00,20,0.95,1000,100,2685239924,oracle_lambda_reporting_v1,10.140368401367956,0.3383334286524169,0.5070184200683983,0.0169166714326208,True,612.9857437610626,0.0004759823900903
adafnn-n2000-lambda0.01-seed18,adafnn,18,100,20,2000,0.01,True,False,12.713420019284614,0.8346078843210987,0.6356710009642313,0.0417303942160549,1000,100,1806977385,adafnn-constant-n2000-seed18,constant_action_fqi,adafnn,100,20,pendulum-seed18,20,0.95,1000,100,1806977385,oracle_lambda_reporting_v1,10.73727574250329,0.7491242979694963,0.5368637871251649,0.0374562148984748,True,871.9879884719849,0.0988072138390664
adafnn-n32000-lambda0.001-seed10,adafnn,10,1600,20,32000,0.001,True,False,16.059006026646014,0.9163547840794212,0.8029503013323015,0.0458177392039711,1000,100,998231945,adafnn-constant-n32000-seed10,constant_action_fqi,adafnn,1600,20,pendulum-seed10,20,0.95,1000,100,998231945,oracle_lambda_reporting_v1,12.276948822308212,0.9939628802426168,0.6138474411154111,0.0496981440121308,True,9655.751195430756,0.1891028602168903
adafnn-n4000-lambda0.01-seed05,adafnn,5,200,20,4000,0.01,True,False,11.963302389607714,0.9999915468869418,0.5981651194803862,0.0499995773443471,1000,100,302915322,adafnn-constant-n4000-seed05,constant_action_fqi,adafnn,200,20,pendulum-seed05,20,0.95,1000,100,302915322,oracle_lambda_reporting_v1,10.06421756908949,0.3716933823188862,0.503210878454475,0.0185846691159443,True,1717.7229385375977,0.0949542410259112
adafnn-n2000-lambda0.01-seed15,adafnn,15,100,20,2000,0.01,True,False,11.98780867850379,0.91248036910583,0.5993904339251899,0.0456240184552915,1000,100,2169158707,adafnn-constant-n2000-seed15,constant_action_fqi,adafnn,100,20,pendulum-seed15,20,0.95,1000,100,2169158707,oracle_lambda_reporting_v1,10.054051545038252,0.322468462467991,0.502702577251913,0.0161234231233995,True,1012.4834427833556,0.0966878566732768
adafnn-n4000-lambda0.1-seed09,adafnn,9,200,20,4000,0.1,True,False,11.143585676202273,0.3228620348080681,0.5571792838101142,0.0161431017404034,1000,100,2983879141,adafnn-constant-n4000-seed09,constant_action_fqi,adafnn,200,20,pendulum-seed09,20,0.95,1000,100,2983879141,oracle_lambda_reporting_v1,11.727399847567185,0.8159521073327148,0.5863699923783597,0.0407976053666357,True,1597.855792760849,-0.0291907085682455
adafnn-n8000-lambda0.0001-seed13,adafnn,13,400,20,8000,0.0001,True,True,11.98627180870128,0.7090922588517733,0.5993135904350645,0.0354546129425887,1000,100,4015478562,adafnn-constant-n8000-seed13,constant_action_fqi,adafnn,400,20,pendulum-seed13,20,0.95,1000,100,4015478562,oracle_lambda_reporting_v1,9.994043964060404,0.2432420393300694,0.4997021982030204,0.0121621019665034,True,2174.2238183021545,0.099611392232044
adafnn-n4000-lambda0.001-seed18,adafnn,18,200,20,4000,0.001,True,False,12.343840458542656,2.0809537949351875,0.6171920229271332,0.1040476897467594,1000,100,1806977385,adafnn-constant-n4000-seed18,constant_action_fqi,adafnn,200,20,pendulum-seed18,20,0.95,1000,100,1806977385,oracle_lambda_reporting_v1,10.081374620624487,0.3536661612033793,0.5040687310312248,0.0176833080601689,True,1675.7146084308624,0.1131232918959083
adafnn-n2000-lambda0.0001-seed11,adafnn,11,100,20,2000,0.0001,True,False,12.403306752783152,0.5797054226152005,0.6201653376391582,0.02898527113076,1000,100,1194072084,adafnn-constant-n2000-seed11,constant_action_fqi,adafnn,100,20,pendulum-seed11,20,0.95,1000,100,1194072084,oracle_lambda_reporting_v1,10.670414172463143,0.6520362027275555,0.5335207086231578,0.0326018101363778,True,1392.5561819076538,0.0866446290160003
adafnn-n8000-lambda0.0001-seed02,adafnn,2,400,20,8000,0.0001,True,True,10.16632200865198,0.4522261848689608,0.5083161004325994,0.022611309243448,1000,100,1095395228,adafnn-constant-n8000-seed02,constant_action_fqi,adafnn,400,20,pendulum-seed02,20,0.95,1000,100,1095395228,oracle_lambda_reporting_v1,11.589507572889364,0.6749623976940217,0.5794753786444687,0.0337481198847011,True,2514.542027235031,-0.0711592782118692
adafnn-n8000-lambda0.01-seed18,adafnn,18,400,20,8000,0.01,True,True,10.04600674385032,0.3488187878643964,0.5023003371925165,0.0174409393932198,1000,100,1806977385,adafnn-constant-n8000-seed18,constant_action_fqi,adafnn,400,20,pendulum-seed18,20,0.95,1000,100,1806977385,oracle_lambda_reporting_v1,9.9844230851737,0.2321855262923078,0.4992211542586855,0.0116092763146154,True,1872.615706920624,0.003079182933831
adafnn-n2000-lambda0.01-seed03,adafnn,3,100,20,2000,0.01,True,False,12.68876406667176,0.4514896054809023,0.6344382033335885,0.0225744802740451,1000,100,470679018,adafnn-constant-n2000-seed03,constant_action_fqi,adafnn,100,20,pendulum-seed03,20,0.95,1000,100,470679018,oracle_lambda_reporting_v1,9.99959036984267,0.2724021612367648,0.4999795184921339,0.0136201080618382,True,912.6581914424896,0.1344586848414545
adafnn-n32000-lambda0.0001-seed02,adafnn,2,1600,20,32000,0.0001,True,False,15.484356380593596,0.7228873623052875,0.7742178190296806,0.0361443681152644,1000,100,1095395228,adafnn-constant-n32000-seed02,constant_action_fqi,adafnn,1600,20,pendulum-seed02,20,0.95,1000,100,1095395228,oracle_lambda_reporting_v1,13.060797314810047,1.6641563418108616,0.6530398657405031,0.0832078170905431,True,2998.8361451625824,0.1211779532891774
adafnn-n2000-lambda0.001-seed14,adafnn,14,100,20,2000,0.001,True,False,13.48797362221816,1.991754545574228,0.6743986811109086,0.0995877272787115,1000,100,923769780,adafnn-constant-n2000-seed14,constant_action_fqi,adafnn,100,20,pendulum-seed14,20,0.95,1000,100,923769780,oracle_lambda_reporting_v1,9.996979690069423,0.2930225132845008,0.4998489845034716,0.014651125664225,True,992.4383885860444,0.174549696607437
adafnn-n16000-lambda0.01-seed19,adafnn,19,800,20,16000,0.01,True,False,13.524261070738085,2.1367581282927515,0.6762130535369046,0.1068379064146376,1000,100,2454136335,adafnn-constant-n16000-seed19,constant_action_fqi,adafnn,800,20,pendulum-seed19,20,0.95,1000,100,2454136335,oracle_lambda_reporting_v1,10.138715499538764,0.409387137290929,0.5069357749769388,0.0204693568645464,True,4234.679340839386,0.1692772785599658
adafnn-n4000-lambda0.01-seed04,adafnn,4,200,20,4000,0.01,True,False,12.329129598477476,1.0364607984489564,0.6164564799238742,0.0518230399224478,1000,100,3945271810,adafnn-constant-n4000-seed04,constant_action_fqi,adafnn,200,20,pendulum-seed04,20,0.95,1000,100,3945271810,oracle_lambda_reporting_v1,10.283225150692491,0.4293344090947162,0.514161257534625,0.0214667204547358,True,670.4501039981842,0.1022952223892491
adafnn-n16000-lambda0.001-seed02,adafnn,2,800,20,16000,0.001,True,False,13.121527749344448,1.7200443849856974,0.656076387467223,0.0860022192492849,1000,100,1095395228,adafnn-constant-n16000-seed02,constant_action_fqi,adafnn,800,20,pendulum-seed02,20,0.95,1000,100,1095395228,oracle_lambda_reporting_v1,11.058786086966528,0.313699273494594,0.5529393043483269,0.0156849636747297,True,4380.849529981613,0.103137083118896
adafnn-n2000-lambda0.1-seed13,adafnn,13,100,20,2000,0.1,True,False,12.45523687380408,2.0888238320442984,0.6227618436902045,0.104441191602215,1000,100,4015478562,adafnn-constant-n2000-seed13,constant_action_fqi,adafnn,100,20,pendulum-seed13,20,0.95,1000,100,4015478562,oracle_lambda_reporting_v1,10.145086814600022,0.4221338265957766,0.5072543407300016,0.0211066913297888,True,1028.6860537528992,0.1155075029602028
adafnn-n4000-lambda0.01-seed02,adafnn,2,200,20,4000,0.01,True,False,10.138752336483773,0.4176888225507115,0.506937616824189,0.0208844411275355,1000,100,1095395228,adafnn-constant-n4000-seed02,constant_action_fqi,adafnn,200,20,pendulum-seed02,20,0.95,1000,100,1095395228,oracle_lambda_reporting_v1,10.033585114641136,0.29004813517396,0.5016792557320573,0.014502406758698,True,751.6190831661224,0.0052583610921317
adafnn-n4000-lambda0.0001-seed19,adafnn,19,200,20,4000,0.0001,True,False,10.939251869052017,1.1582998104364273,0.5469625934526013,0.0579149905218214,1000,100,2454136335,adafnn-constant-n4000-seed19,constant_action_fqi,adafnn,200,20,pendulum-seed19,20,0.95,1000,100,2454136335,oracle_lambda_reporting_v1,9.879395677542842,0.1568308965362448,0.4939697838771426,0.0078415448268122,True,1078.1409697532654,0.0529928095754587
adafnn-n32000-lambda0.01-seed16,adafnn,16,1600,20,32000,0.01,True,False,13.2773330345249,1.8400272370039217,0.6638666517262457,0.0920013618501961,1000,100,2823810571,adafnn-constant-n32000-seed16,constant_action_fqi,adafnn,1600,20,pendulum-seed16,20,0.95,1000,100,2823810571,oracle_lambda_reporting_v1,12.938623315992448,1.572470165069473,0.6469311657996232,0.0786235082534737,True,3977.338919401169,0.0169354859266225
adafnn-n32000-lambda0.01-seed01,adafnn,1,1600,20,32000,0.01,True,False,12.380306427241754,0.6845256573558323,0.6190153213620884,0.0342262828677916,1000,100,2709234296,adafnn-constant-n32000-seed01,constant_action_fqi,adafnn,1600,20,pendulum-seed01,20,0.95,1000,100,2709234296,oracle_lambda_reporting_v1,11.030534909496524,1.1661394784586503,0.5515267454748267,0.0583069739229325,True,3584.787127256393,0.0674885758872616
adafnn-n16000-lambda0.01-seed13,adafnn,13,800,20,16000,0.01,True,False,12.106637902515136,1.06550452442931,0.6053318951257576,0.0532752262214655,1000,100,4015478562,adafnn-constant-n16000-seed13,constant_action_fqi,adafnn,800,20,pendulum-seed13,20,0.95,1000,100,4015478562,oracle_lambda_reporting_v1,11.015930488347644,1.211895652487598,0.5507965244173827,0.0605947826243799,True,1557.9173555374146,0.0545353707083748
adafnn-n8000-lambda0.001-seed07,adafnn,7,400,20,8000,0.001,True,True,12.484290267311607,0.469285921312946,0.6242145133655809,0.0234642960656473,1000,100,1909855518,adafnn-constant-n8000-seed07,constant_action_fqi,adafnn,400,20,pendulum-seed07,20,0.95,1000,100,1909855518,oracle_lambda_reporting_v1,10.298792964578231,0.5138441145131477,0.5149396482289119,0.0256922057256574,True,1449.7387585639954,0.1092748651366689
adafnn-n4000-lambda0.01-seed11,adafnn,11,200,20,4000,0.01,True,False,11.726501076772273,0.8531252131140244,0.5863250538386141,0.0426562606557012,1000,100,1194072084,adafnn-constant-n4000-seed11,constant_action_fqi,adafnn,200,20,pendulum-seed11,20,0.95,1000,100,1194072084,oracle_lambda_reporting_v1,10.989703909216187,1.1942965704292168,0.5494851954608099,0.0597148285214608,True,1617.059509754181,0.0368398583778042
adafnn-n32000-lambda0.1-seed07,adafnn,7,1600,20,32000,0.1,True,False,14.893532375289182,3.6290123296448806,0.7446766187644598,0.1814506164822442,1000,100,1909855518,adafnn-constant-n32000-seed07,constant_action_fqi,adafnn,1600,20,pendulum-seed07,20,0.95,1000,100,1909855518,oracle_lambda_reporting_v1,11.376994373009785,0.446960213881215,0.5688497186504896,0.0223480106940607,True,5161.487610578537,0.1758269001139701
adafnn-n16000-lambda0.0001-seed14,adafnn,14,800,20,16000,0.0001,True,False,13.703570109829757,2.198738104418158,0.6851785054914885,0.1099369052209079,1000,100,923769780,adafnn-constant-n16000-seed14,constant_action_fqi,adafnn,800,20,pendulum-seed14,20,0.95,1000,100,923769780,oracle_lambda_reporting_v1,10.424529744259956,0.5686291290943101,0.5212264872129984,0.0284314564547155,True,4788.448077917099,0.1639520182784901
adafnn-n16000-lambda0.001-seed12,adafnn,12,800,20,16000,0.001,True,False,13.62278260284856,1.971354116727137,0.6811391301424286,0.0985677058363569,1000,100,905318374,adafnn-constant-n16000-seed12,constant_action_fqi,adafnn,800,20,pendulum-seed12,20,0.95,1000,100,905318374,oracle_lambda_reporting_v1,11.49427106007562,0.5503635330883199,0.5747135530037815,0.027518176654416,True,5053.441057920456,0.106425577138647
adafnn-n16000-lambda0.01-seed16,adafnn,16,800,20,16000,0.01,True,False,15.02721997313878,3.675784755227227,0.7513609986569397,0.1837892377613615,1000,100,2823810571,adafnn-constant-n16000-seed16,constant_action_fqi,adafnn,800,20,pendulum-seed16,20,0.95,1000,100,2823810571,oracle_lambda_reporting_v1,12.12689015663277,0.9586981214905406,0.6063445078316391,0.047934906074527,True,3679.985067605972,0.1450164908253006
adafnn-n8000-lambda0.0001-seed05,adafnn,5,400,20,8000,0.0001,True,True,14.0500976999283,0.6507287133815538,0.7025048849964156,0.0325364356690777,1000,100,302915322,adafnn-constant-n8000-seed05,constant_action_fqi,adafnn,400,20,pendulum-seed05,20,0.95,1000,100,302915322,oracle_lambda_reporting_v1,10.89613933041375,0.4303435549136415,0.5448069665206879,0.021517177745682,True,1238.4634084701538,0.1576979184757276
adafnn-n8000-lambda0.1-seed04,adafnn,4,400,20,8000,0.1,True,True,11.02474692157984,1.209051928133806,0.5512373460789926,0.0604525964066903,1000,100,3945271810,adafnn-constant-n8000-seed04,constant_action_fqi,adafnn,400,20,pendulum-seed04,20,0.95,1000,100,3945271810,oracle_lambda_reporting_v1,10.16261233715263,0.5225969156469047,0.5081306168576321,0.0261298457823452,True,1154.1857850551603,0.0431067292213604
adafnn-n2000-lambda0.01-seed02,adafnn,2,100,20,2000,0.01,True,False,12.56764008907615,1.2326770077439864,0.6283820044538081,0.0616338503871993,1000,100,1095395228,adafnn-constant-n2000-seed02,constant_action_fqi,adafnn,100,20,pendulum-seed02,20,0.95,1000,100,1095395228,oracle_lambda_reporting_v1,11.246486415759025,0.2354781805658141,0.5623243207879517,0.0117739090282907,True,1340.4018626213074,0.0660576836658564
adafnn-n4000-lambda0.1-seed07,adafnn,7,200,20,4000,0.1,True,False,12.16096114907428,0.9296728011765544,0.6080480574537145,0.0464836400588277,1000,100,1909855518,adafnn-constant-n4000-seed07,constant_action_fqi,adafnn,200,20,pendulum-seed07,20,0.95,1000,100,1909855518,oracle_lambda_reporting_v1,10.763945361850512,0.6091657554191714,0.5381972680925261,0.0304582877709585,True,1307.4493963718414,0.0698507893611883
adafnn-n16000-lambda0.01-seed05,adafnn,5,800,20,16000,0.01,True,False,13.365670751166425,1.9192216651958391,0.6682835375583218,0.095961083259792,1000,100,302915322,adafnn-constant-n16000-seed05,constant_action_fqi,adafnn,800,20,pendulum-seed05,20,0.95,1000,100,302915322,oracle_lambda_reporting_v1,10.945943236945435,1.1604097108394036,0.5472971618472724,0.0580204855419702,True,1627.6643025875092,0.1209863757110494
adafnn-n32000-lambda0.01-seed19,adafnn,19,1600,20,32000,0.01,True,False,14.729611031315454,3.462947841746209,0.7364805515657732,0.1731473920873106,1000,100,2454136335,adafnn-constant-n32000-seed19,constant_action_fqi,adafnn,1600,20,pendulum-seed19,20,0.95,1000,100,2454136335,oracle_lambda_reporting_v1,10.266954748934408,0.522127930354725,0.5133477374467209,0.0261063965177362,True,8197.934120416641,0.2231328141190522
adafnn-n16000-lambda0.0001-seed03,adafnn,3,800,20,16000,0.0001,True,False,14.4288451579793,2.4371693548740927,0.7214422578989657,0.1218584677437047,1000,100,470679018,adafnn-constant-n16000-seed03,constant_action_fqi,adafnn,800,20,pendulum-seed03,20,0.95,1000,100,470679018,oracle_lambda_reporting_v1,12.11404315845018,0.9999057183828788,0.6057021579225095,0.0499952859191439,True,2816.0917444229126,0.1157400999764561
adafnn-n32000-lambda0.01-seed14,adafnn,14,1600,20,32000,0.01,True,False,14.714086377012071,3.3848123670877728,0.7357043188506043,0.1692406183543887,1000,100,923769780,adafnn-constant-n32000-seed14,constant_action_fqi,adafnn,1600,20,pendulum-seed14,20,0.95,1000,100,923769780,oracle_lambda_reporting_v1,10.990505207432888,1.1949217501666436,0.5495252603716448,0.0597460875083322,True,9874.45310997963,0.1861790584789594
adafnn-n32000-lambda0.0001-seed15,adafnn,15,1600,20,32000,0.0001,True,False,15.859649489916729,2.028686484626391,0.7929824744958369,0.1014343242313196,1000,100,2169158707,adafnn-constant-n32000-seed15,constant_action_fqi,adafnn,1600,20,pendulum-seed15,20,0.95,1000,100,2169158707,oracle_lambda_reporting_v1,10.757176081746008,0.5449723139176399,0.537858804087301,0.027248615695882,True,5646.269347667694,0.2551236704085359
adafnn-n16000-lambda0.1-seed01,adafnn,1,800,20,16000,0.1,True,False,12.357003660880514,2.045082389332109,0.6178501830440262,0.1022541194666055,1000,100,2709234296,adafnn-constant-n16000-seed01,constant_action_fqi,adafnn,800,20,pendulum-seed01,20,0.95,1000,100,2709234296,oracle_lambda_reporting_v1,10.954504136771854,1.1746109656148596,0.5477252068385933,0.058730548280743,True,3239.828422307968,0.0701249762054329
adafnn-n16000-lambda0.01-seed06,adafnn,6,800,20,16000,0.01,True,False,13.23097541392401,1.7116907485663406,0.661548770696201,0.0855845374283171,1000,100,3388775872,adafnn-constant-n16000-seed06,constant_action_fqi,adafnn,800,20,pendulum-seed06,20,0.95,1000,100,3388775872,oracle_lambda_reporting_v1,12.008046399846185,0.4450264282544941,0.6004023199923096,0.0222513214127247,True,4088.671127080917,0.0611464507038913
adafnn-n16000-lambda0.001-seed07,adafnn,7,800,20,16000,0.001,True,False,15.283195386303952,1.386335584666325,0.7641597693151982,0.0693167792333163,1000,100,1909855518,adafnn-constant-n16000-seed07,constant_action_fqi,adafnn,800,20,pendulum-seed07,20,0.95,1000,100,1909855518,oracle_lambda_reporting_v1,10.878326888900055,1.0673642264432557,0.5439163444450033,0.0533682113221628,True,2664.813224554062,0.220243424870195
adafnn-n8000-lambda0.01-seed01,adafnn,1,400,20,8000,0.01,True,True,11.399057209146248,0.5815391809610543,0.5699528604573129,0.0290769590480527,1000,100,2709234296,adafnn-constant-n8000-seed01,constant_action_fqi,adafnn,400,20,pendulum-seed01,20,0.95,1000,100,2709234296,oracle_lambda_reporting_v1,11.407597660151136,0.531909382659649,0.5703798830075574,0.0265954691329824,True,2568.664046764374,-0.0004270225502445
adafnn-n8000-lambda0.001-seed08,adafnn,8,400,20,8000,0.001,True,True,12.215703735775332,0.8156097272241885,0.6107851867887671,0.0407804863612094,1000,100,2022697987,adafnn-constant-n8000-seed08,constant_action_fqi,adafnn,400,20,pendulum-seed08,20,0.95,1000,100,2022697987,oracle_lambda_reporting_v1,10.0829723211386,0.3935575762881224,0.5041486160569304,0.0196778788144061,True,2200.009374141693,0.1066365707318367
adafnn-n32000-lambda0.0001-seed18,adafnn,18,1600,20,32000,0.0001,True,False,14.916350474246917,1.6796382383435462,0.7458175237123464,0.0839819119171773,1000,100,1806977385,adafnn-constant-n32000-seed18,constant_action_fqi,adafnn,1600,20,pendulum-seed18,20,0.95,1000,100,1806977385,oracle_lambda_reporting_v1,10.728604649777733,0.8936144698848182,0.536430232488887,0.0446807234942409,True,9436.541260004044,0.2093872912234594
adafnn-n8000-lambda0.001-seed11,adafnn,11,400,20,8000,0.001,True,True,10.98970390921744,1.1942965704322828,0.5494851954608726,0.0597148285216141,1000,100,1194072084,adafnn-constant-n8000-seed11,constant_action_fqi,adafnn,400,20,pendulum-seed11,20,0.95,1000,100,1194072084,oracle_lambda_reporting_v1,11.011698919904669,1.1827461611767,0.550584945995234,0.059137308058835,True,2233.7196991443634,-0.0010997505343613
adafnn-n32000-lambda0.01-seed06,adafnn,6,1600,20,32000,0.01,True,False,13.406133371566906,1.860966281530075,0.6703066685783459,0.0930483140765038,1000,100,3388775872,adafnn-constant-n32000-seed06,constant_action_fqi,adafnn,1600,20,pendulum-seed06,20,0.95,1000,100,3388775872,oracle_lambda_reporting_v1,10.29425496002495,0.569390523218712,0.514712748001248,0.0284695261609356,True,4336.895821809769,0.1555939205770978
adafnn-n32000-lambda0.0001-seed00,adafnn,0,1600,20,32000,0.0001,True,False,12.278398425915622,2.0813067504824496,0.6139199212957815,0.1040653375241225,1000,100,2685239924,adafnn-constant-n32000-seed00,constant_action_fqi,adafnn,1600,20,pendulum-seed00,20,0.95,1000,100,2685239924,oracle_lambda_reporting_v1,10.253448035862036,0.4544296040308755,0.5126724017931021,0.0227214802015437,True,4523.624314308167,0.1012475195026794
adafnn-n16000-lambda0.0001-seed04,adafnn,4,800,20,16000,0.0001,True,False,12.241206004863782,1.9947901081529664,0.6120603002431898,0.0997395054076484,1000,100,3945271810,adafnn-constant-n16000-seed04,constant_action_fqi,adafnn,800,20,pendulum-seed04,20,0.95,1000,100,3945271810,oracle_lambda_reporting_v1,11.549114308977371,0.4759076432403443,0.5774557154488691,0.0237953821620172,True,2397.821182012558,0.0346045847943207
adafnn-n8000-lambda0.0001-seed16,adafnn,16,400,20,8000,0.0001,True,True,17.150527683960494,1.568468549237497,0.8575263841980254,0.0784234274618749,1000,100,2823810571,adafnn-constant-n8000-seed16,constant_action_fqi,adafnn,400,20,pendulum-seed16,20,0.95,1000,100,2823810571,oracle_lambda_reporting_v1,12.16532345527662,0.873406881632652,0.6082661727638314,0.0436703440816326,True,1997.5410940647123,0.2492602114341939
adafnn-n8000-lambda0.0001-seed19,adafnn,19,400,20,8000,0.0001,True,True,13.716307690358407,2.184470901147382,0.6858153845179211,0.1092235450573692,1000,100,2454136335,adafnn-constant-n8000-seed19,constant_action_fqi,adafnn,400,20,pendulum-seed19,20,0.95,1000,100,2454136335,oracle_lambda_reporting_v1,10.04216437405968,0.2819094697370365,0.5021082187029845,0.0140954734868518,True,1836.3843846321104,0.1837071658149366
adafnn-n4000-lambda0.0001-seed08,adafnn,8,200,20,4000,0.0001,True,False,10.95442730662804,1.177474936329622,0.5477213653314025,0.0588737468164811,1000,100,2022697987,adafnn-constant-n4000-seed08,constant_action_fqi,adafnn,200,20,pendulum-seed08,20,0.95,1000,100,2022697987,oracle_lambda_reporting_v1,10.110156052461578,0.3888786080617927,0.5055078026230794,0.0194439304030896,True,1312.7729823589325,0.0422135627083231
adafnn-n8000-lambda0.001-seed09,adafnn,9,400,20,8000,0.001,True,True,12.463554963949926,1.1407418153588451,0.6231777481974968,0.0570370907679423,1000,100,2983879141,adafnn-constant-n8000-seed09,constant_action_fqi,adafnn,400,20,pendulum-seed09,20,0.95,1000,100,2983879141,oracle_lambda_reporting_v1,10.101588448036862,0.4319155722063675,0.5050794224018436,0.0215957786103183,True,2557.034342765808,0.1180983257956532
adafnn-n4000-lambda0.001-seed06,adafnn,6,200,20,4000,0.001,True,False,11.89947583952246,0.8028743128398698,0.5949737919761237,0.0401437156419935,1000,100,3388775872,adafnn-constant-n4000-seed06,constant_action_fqi,adafnn,200,20,pendulum-seed06,20,0.95,1000,100,3388775872,oracle_lambda_reporting_v1,10.030164139496549,0.2853495630181271,0.5015082069748279,0.0142674781509063,True,1530.2035546302795,0.0934655850012957
adafnn-n2000-lambda0.001-seed10,adafnn,10,100,20,2000,0.001,True,False,10.790786381276405,0.9680894851920714,0.5395393190638208,0.0484044742596036,1000,100,998231945,adafnn-constant-n2000-seed10,constant_action_fqi,adafnn,100,20,pendulum-seed10,20,0.95,1000,100,998231945,oracle_lambda_reporting_v1,10.993445483020675,1.1553686213288863,0.5496722741510344,0.0577684310664443,True,1114.8999626636505,-0.0101329550872135
adafnn-n2000-lambda0.0001-seed06,adafnn,6,100,20,2000,0.0001,True,False,10.501432813163913,0.5514484669106563,0.5250716406581961,0.0275724233455328,1000,100,3388775872,adafnn-constant-n2000-seed06,constant_action_fqi,adafnn,100,20,pendulum-seed06,20,0.95,1000,100,3388775872,oracle_lambda_reporting_v1,10.046469985504029,0.328222371264806,0.5023234992752017,0.0164111185632403,True,1120.6170325279236,0.0227481413829944
adafnn-n8000-lambda0.01-seed06,adafnn,6,400,20,8000,0.01,True,True,12.91921618725369,1.4133700675518532,0.6459608093626852,0.0706685033775927,1000,100,3388775872,adafnn-constant-n8000-seed06,constant_action_fqi,adafnn,400,20,pendulum-seed06,20,0.95,1000,100,3388775872,oracle_lambda_reporting_v1,10.109492646425688,0.3934851633279067,0.5054746323212849,0.0196742581663953,True,1208.4141581058502,0.1404861770414003
adafnn-n8000-lambda0.1-seed12,adafnn,12,400,20,8000,0.1,True,True,10.915306591950142,1.1408099038232855,0.5457653295975076,0.0570404951911643,1000,100,905318374,adafnn-constant-n8000-seed12,constant_action_fqi,adafnn,400,20,pendulum-seed12,20,0.95,1000,100,905318374,oracle_lambda_reporting_v1,10.020947409152386,0.289905216200947,0.5010473704576197,0.0144952608100473,True,2140.674669981003,0.0447179591398878
adafnn-n16000-lambda0.01-seed00,adafnn,0,800,20,16000,0.01,True,False,11.288171396619,0.8296767945268637,0.5644085698309504,0.0414838397263432,1000,100,2685239924,adafnn-constant-n16000-seed00,constant_action_fqi,adafnn,800,20,pendulum-seed00,20,0.95,1000,100,2685239924,oracle_lambda_reporting_v1,10.107931762526755,0.2964385227983415,0.5053965881263383,0.014821926139917,True,2929.219309091568,0.0590119817046121
adafnn-n2000-lambda0.0001-seed12,adafnn,12,100,20,2000,0.0001,True,False,11.14973646876864,0.7945646846407745,0.5574868234384325,0.0397282342320387,1000,100,905318374,adafnn-constant-n2000-seed12,constant_action_fqi,adafnn,100,20,pendulum-seed12,20,0.95,1000,100,905318374,oracle_lambda_reporting_v1,12.799143506607903,0.6199592065900535,0.6399571753303958,0.0309979603295027,True,594.1123375892639,-0.0824703518919632
adafnn-n4000-lambda0.0001-seed01,adafnn,1,200,20,4000,0.0001,True,False,11.182689025035277,0.3981000387906325,0.5591344512517643,0.0199050019395316,1000,100,2709234296,adafnn-constant-n4000-seed01,constant_action_fqi,adafnn,200,20,pendulum-seed01,20,0.95,1000,100,2709234296,oracle_lambda_reporting_v1,11.597410000825713,0.6062585115432322,0.579870500041286,0.0303129255771616,True,1650.1232614517212,-0.0207360487895217
adafnn-n4000-lambda0.1-seed14,adafnn,14,200,20,4000,0.1,True,False,12.348101173707065,2.097287639517551,0.6174050586853537,0.1048643819758776,1000,100,923769780,adafnn-constant-n4000-seed14,constant_action_fqi,adafnn,200,20,pendulum-seed14,20,0.95,1000,100,923769780,oracle_lambda_reporting_v1,12.050310357974569,0.8811908183060807,0.6025155178987289,0.044059540915304,True,1781.7380533218384,0.0148895407866247
adafnn-n8000-lambda0.1-seed15,adafnn,15,400,20,8000,0.1,True,True,10.162570348608767,0.4037599783268321,0.5081285174304389,0.0201879989163416,1000,100,2169158707,adafnn-constant-n8000-seed15,constant_action_fqi,adafnn,400,20,pendulum-seed15,20,0.95,1000,100,2169158707,oracle_lambda_reporting_v1,10.358356773068897,0.6418565498467232,0.5179178386534454,0.0320928274923361,True,2176.941277503968,-0.0097893212230065
adafnn-n16000-lambda0.001-seed18,adafnn,18,800,20,16000,0.001,True,False,10.96768432192639,1.171522490990458,0.5483842160963199,0.0585761245495229,1000,100,1806977385,adafnn-constant-n16000-seed18,constant_action_fqi,adafnn,800,20,pendulum-seed18,20,0.95,1000,100,1806977385,oracle_lambda_reporting_v1,10.094004640343014,0.3987304755587629,0.5047002320171511,0.0199365237779381,True,3202.542922973633,0.0436839840791688
adafnn-n2000-lambda0.001-seed04,adafnn,4,100,20,2000,0.001,True,False,12.663205926131422,0.5823633475077418,0.6331602963065718,0.0291181673753871,1000,100,3945271810,adafnn-constant-n2000-seed04,constant_action_fqi,adafnn,100,20,pendulum-seed04,20,0.95,1000,100,3945271810,oracle_lambda_reporting_v1,10.828800243200366,0.8951455621883473,0.5414400121600188,0.0447572781094174,True,1004.8843507766724,0.0917202841465529
adafnn-n2000-lambda0.01-seed07,adafnn,7,100,20,2000,0.01,True,False,14.31829269579704,2.437917563958333,0.7159146347898527,0.1218958781979168,1000,100,1909855518,adafnn-constant-n2000-seed07,constant_action_fqi,adafnn,100,20,pendulum-seed07,20,0.95,1000,100,1909855518,oracle_lambda_reporting_v1,10.944407342484746,1.1640057369159302,0.5472203671242378,0.0582002868457965,True,773.3224186897278,0.1686942676656149
adafnn-n4000-lambda0.0001-seed10,adafnn,10,200,20,4000,0.0001,True,False,13.079429596454174,0.4095845639595178,0.6539714798227092,0.0204792281979759,1000,100,998231945,adafnn-constant-n4000-seed10,constant_action_fqi,adafnn,200,20,pendulum-seed10,20,0.95,1000,100,998231945,oracle_lambda_reporting_v1,10.526799927267678,0.7386736558460616,0.5263399963633845,0.0369336827923031,True,1284.393717765808,0.1276314834593247
