fit_id,master_seed,n_transitions,lambda_dimensionless,policy_type,raw_roughness,normalized_return,fixed_critic_bank_median_ratio,fixed_critic_bank_count,heldout_query_count
adafnn-n8000-lambda0.0001-seed00,0,8000,0.0001,constant_in_u_cmaes,5.6828774575024e-11,0.5507565479309232,1.6323357179792966,5,256
adafnn-n8000-lambda0.001-seed00,0,8000,0.001,full_cmaes,8468.294989113243,0.5569675118134165,1.3291642275655733,5,256
adafnn-n8000-lambda0.01-seed00,0,8000,0.01,constant_in_u_cmaes,5.649199152912843e-11,0.5619854800407101,1.42040952649311,5,256
adafnn-n8000-lambda0.1-seed00,0,8000,0.1,constant_in_u_cmaes,5.80575729713928e-11,0.5013784646644022,1.0136053429134395,5,256
adafnn-n8000-lambda1-seed00,0,8000,1.0,constant_in_u_cmaes,5.80575729713928e-11,0.5013784646644022,1.0136053429134395,5,256
adafnn-n8000-lambda0.0001-seed01,1,8000,0.0001,constant_in_u_cmaes,1.1633097329877274e-10,0.5090093787218042,1.5037409644881143,5,256
adafnn-n8000-lambda0.001-seed01,1,8000,0.001,full_cmaes,314.54240225351293,0.5082074563059547,1.5061535534860326,5,256
adafnn-n8000-lambda0.01-seed01,1,8000,0.01,constant_in_u_cmaes,1.1415814782367305e-10,0.5699528604573129,1.9257104612408933,5,256
adafnn-n8000-lambda0.1-seed01,1,8000,0.1,constant_in_u_cmaes,1.1636826258154544e-10,0.5515267454748249,2.092436273162237,5,256
adafnn-n8000-lambda1-seed01,1,8000,1.0,constant_in_u_cmaes,1.0769763747475735e-10,0.5281594930010161,1.7137667993248855,5,256
adafnn-n8000-lambda0.0001-seed02,2,8000,0.0001,constant_in_u_cmaes,5.789221546592671e-11,0.5083161004325994,1.0564583748402052,5,256
adafnn-n8000-lambda0.001-seed02,2,8000,0.001,constant_in_u_cmaes,5.754241527711201e-11,0.5044709217037049,1.0664932592486056,5,256
adafnn-n8000-lambda0.01-seed02,2,8000,0.01,constant_in_u_cmaes,5.772555056182682e-11,0.5001529502714699,1.1102994932407284,5,256
adafnn-n8000-lambda0.1-seed02,2,8000,0.1,constant_in_u_cmaes,5.7743442027913264e-11,0.5060047379381755,1.1151742439538457,5,256
adafnn-n8000-lambda1-seed02,2,8000,1.0,constant_in_u_cmaes,5.7743442027913264e-11,0.5060047379381714,1.1151742439538457,5,256
adafnn-n8000-lambda0.0001-seed03,3,8000,0.0001,full_cmaes,5.810972680819759e-11,0.5281067334801954,0.6614089486920288,5,256
adafnn-n8000-lambda0.001-seed03,3,8000,0.001,constant_in_u_cmaes,5.744890785308599e-11,0.5070704632442479,0.707189669994891,5,256
adafnn-n8000-lambda0.01-seed03,3,8000,0.01,constant_in_u_cmaes,5.781874534704912e-11,0.5152028107193962,0.6837195916872914,5,256
adafnn-n8000-lambda0.1-seed03,3,8000,0.1,constant_in_u_cmaes,5.747558162738642e-11,0.5135534931663637,0.6734714621236894,5,256
adafnn-n8000-lambda1-seed03,3,8000,1.0,constant_in_u_cmaes,5.747558162738642e-11,0.5135534931663636,0.6734714621236894,5,256
adafnn-n8000-lambda0.0001-seed04,4,8000,0.0001,constant_in_u_cmaes,5.766106170312924e-11,0.5131935482057117,1.7163447983339897,5,256
adafnn-n8000-lambda0.001-seed04,4,8000,0.001,full_cmaes,69171.75115672997,0.5044431435893891,1.8564513078808849,5,256
adafnn-n8000-lambda0.01-seed04,4,8000,0.01,full_cmaes,43805.70821931273,0.5112228789802534,1.3830780961205342,5,256
adafnn-n8000-lambda0.1-seed04,4,8000,0.1,constant_in_u_cmaes,5.763020993754253e-11,0.5512373460789926,2.730576391764317,5,256
adafnn-n8000-lambda1-seed04,4,8000,1.0,constant_in_u_cmaes,5.737152974916171e-11,0.4986711050765457,1.7869052860161057,5,256
adafnn-n8000-lambda0.0001-seed05,5,8000,0.0001,full_cmaes,69312.66683763161,0.7025048849964156,1.071627012669709,5,256
adafnn-n8000-lambda0.001-seed05,5,8000,0.001,constant_in_u_cmaes,1.1566991275913096e-10,0.5030716675069186,0.7434948052288125,5,256
adafnn-n8000-lambda0.01-seed05,5,8000,0.01,constant_in_u_cmaes,1.1317586512404888e-10,0.5426740488015708,0.7884311083939782,5,256
adafnn-n8000-lambda0.1-seed05,5,8000,0.1,constant_in_u_cmaes,1.1532771537758891e-10,0.5432918090881542,0.8898917509545602,5,256
adafnn-n8000-lambda1-seed05,5,8000,1.0,constant_in_u_cmaes,1.1548119260851308e-10,0.499982833025354,0.8589389351999118,5,256
adafnn-n8000-lambda0.0001-seed06,6,8000,0.0001,constant_in_u_cmaes,5.750191434117369e-11,0.5061907462013107,1.179630801739446,5,256
adafnn-n8000-lambda0.001-seed06,6,8000,0.001,constant_in_u_cmaes,5.7811583076272645e-11,0.5174281695635098,1.164326951083705,5,256
adafnn-n8000-lambda0.01-seed06,6,8000,0.01,full_cmaes,44681.96221774322,0.6459608093626852,0.9226065068130144,5,256
adafnn-n8000-lambda0.1-seed06,6,8000,0.1,constant_in_u_cmaes,5.785582146700108e-11,0.5901622291081394,1.1613011413541494,5,256
adafnn-n8000-lambda1-seed06,6,8000,1.0,constant_in_u_cmaes,5.7915080731163467e-11,0.5865245670414018,1.2034146221649549,5,256
adafnn-n8000-lambda0.0001-seed07,7,8000,0.0001,full_cmaes,58320.47075738689,0.5744700175292929,0.2152684382588495,5,256
adafnn-n8000-lambda0.001-seed07,7,8000,0.001,constant_in_u_cmaes,5.8023182702982014e-11,0.6242145133655809,0.7576665560068476,5,256
adafnn-n8000-lambda0.01-seed07,7,8000,0.01,constant_in_u_cmaes,5.8023182702982014e-11,0.6242145133589344,0.7576665560068476,5,256
adafnn-n8000-lambda0.1-seed07,7,8000,0.1,constant_in_u_cmaes,5.8023182702982014e-11,0.6242145133589344,0.7576665560068476,5,256
adafnn-n8000-lambda1-seed07,7,8000,1.0,constant_in_u_cmaes,5.8023182702982014e-11,0.6242145133589344,0.7576665560068476,5,256
adafnn-n8000-lambda0.0001-seed08,8,8000,0.0001,constant_in_u_cmaes,5.770440481001059e-11,0.5195821800461303,1.281645840176756,5,256
adafnn-n8000-lambda0.001-seed08,8,8000,0.001,constant_in_u_cmaes,5.7932417973916017e-11,0.6107851867887671,1.0446247905922132,5,256
adafnn-n8000-lambda0.01-seed08,8,8000,0.01,constant_in_u_cmaes,5.8083209353299023e-11,0.5539569063993321,1.4638588929222551,5,256
adafnn-n8000-lambda0.1-seed08,8,8000,0.1,constant_in_u_cmaes,5.775502387450615e-11,0.5049570292772136,1.0845497628733596,5,256
adafnn-n8000-lambda1-seed08,8,8000,1.0,constant_in_u_cmaes,5.742416675502682e-11,0.5554625221628668,1.479099662742446,5,256
adafnn-n8000-lambda0.0001-seed09,9,8000,0.0001,constant_in_u_cmaes,1.1581744985278419e-10,0.5283465279226616,1.5018992036870018,5,256
adafnn-n8000-lambda0.001-seed09,9,8000,0.001,constant_in_u_cmaes,1.1540011968236284e-10,0.6231777481974968,1.1067456357385306,5,256
adafnn-n8000-lambda0.01-seed09,9,8000,0.01,full_cmaes,54.98000289871063,0.5001049566102682,1.3821424681336263,5,256
adafnn-n8000-lambda0.1-seed09,9,8000,0.1,constant_in_u_cmaes,1.1621484219404009e-10,0.4980061321458811,1.376108760256578,5,256
adafnn-n8000-lambda1-seed09,9,8000,1.0,constant_in_u_cmaes,1.1621484219404009e-10,0.4980061321458811,1.376108760256578,5,256
adafnn-n8000-lambda0.0001-seed10,10,8000,0.0001,constant_in_u_cmaes,5.8050723339420064e-11,0.5070862216480385,1.2644726801841404,5,256
adafnn-n8000-lambda0.001-seed10,10,8000,0.001,full_cmaes,107241.25361678522,0.7728864583016998,0.9392801629377584,5,256
adafnn-n8000-lambda0.01-seed10,10,8000,0.01,constant_in_u_cmaes,8.184994015891789e-11,0.5304443295946735,1.3711710134460429,5,256
adafnn-n8000-lambda0.1-seed10,10,8000,0.1,constant_in_u_cmaes,1.1567875191076382e-10,0.5302771436045416,1.5395517970935189,5,256
adafnn-n8000-lambda1-seed10,10,8000,1.0,constant_in_u_cmaes,1.1567875191076382e-10,0.5302787845198178,1.5395517970935189,5,256
adafnn-n8000-lambda0.0001-seed11,11,8000,0.0001,full_cmaes,31764.52967268882,0.5392183590490419,1.1161058570105484,5,256
adafnn-n8000-lambda0.001-seed11,11,8000,0.001,full_cmaes,5.7741793568766294e-11,0.5494851954608726,1.0464878172246088,5,256
adafnn-n8000-lambda0.01-seed11,11,8000,0.01,constant_in_u_cmaes,5.7957812771292086e-11,0.5498405052308584,1.9784722869402869,5,256
adafnn-n8000-lambda0.1-seed11,11,8000,0.1,full_cmaes,11824.973689310842,0.5006890087601847,0.845218379240905,5,256
adafnn-n8000-lambda1-seed11,11,8000,1.0,constant_in_u_cmaes,5.798090541020429e-11,0.5118911954532512,1.383378533246244,5,256
adafnn-n8000-lambda0.0001-seed12,12,8000,0.0001,constant_in_u_cmaes,5.560800531156929e-11,0.5283667419150441,1.147837912335084,5,256
adafnn-n8000-lambda0.001-seed12,12,8000,0.001,full_cmaes,27123.50890071037,0.5014887765484911,0.950677695554903,5,256
adafnn-n8000-lambda0.01-seed12,12,8000,0.01,full_cmaes,17134.65865097137,0.5110817866372562,0.971842216460624,5,256
adafnn-n8000-lambda0.1-seed12,12,8000,0.1,constant_in_u_cmaes,5.742932529528844e-11,0.5457653295975076,1.2538760105956352,5,256
adafnn-n8000-lambda1-seed12,12,8000,1.0,constant_in_u_cmaes,5.7672004061259936e-11,0.5102218772550982,0.9408653476244528,5,256
adafnn-n8000-lambda0.0001-seed13,13,8000,0.0001,constant_in_u_cmaes,1.1627250984247439e-10,0.5993135904350645,1.2513889818310182,5,256
adafnn-n8000-lambda0.001-seed13,13,8000,0.001,constant_in_u_cmaes,1.1627250984247439e-10,0.5993138232881556,1.2513889818310182,5,256
adafnn-n8000-lambda0.01-seed13,13,8000,0.01,constant_in_u_cmaes,1.1627250984247439e-10,0.5993138232881556,1.2513889818310182,5,256
adafnn-n8000-lambda0.1-seed13,13,8000,0.1,constant_in_u_cmaes,1.1627250984247439e-10,0.5993135904350645,1.2513889818310182,5,256
adafnn-n8000-lambda1-seed13,13,8000,1.0,constant_in_u_cmaes,1.1627250984247439e-10,0.5993138232881556,1.2513889818310182,5,256
adafnn-n8000-lambda0.0001-seed14,14,8000,0.0001,constant_in_u_cmaes,5.791449808612015e-11,0.5174287679129892,1.921152438486121,5,256
adafnn-n8000-lambda0.001-seed14,14,8000,0.001,constant_in_u_cmaes,5.7352956162048936e-11,0.4983066777517314,1.6619323245201965,5,256
adafnn-n8000-lambda0.01-seed14,14,8000,0.01,constant_in_u_cmaes,5.775832079280008e-11,0.5375418785327418,2.9690219885578424,5,256
adafnn-n8000-lambda0.1-seed14,14,8000,0.1,constant_in_u_cmaes,5.750694498374287e-11,0.549607570794353,1.9413519989068964,5,256
adafnn-n8000-lambda1-seed14,14,8000,1.0,constant_in_u_cmaes,5.750694498374287e-11,0.5496075707942184,1.9413519989068964,5,256
adafnn-n8000-lambda0.0001-seed15,15,8000,0.0001,constant_in_u_cmaes,5.7823093868591965e-11,0.5013453579981119,0.8780981437980602,5,256
adafnn-n8000-lambda0.001-seed15,15,8000,0.001,constant_in_u_cmaes,5.7720704660368935e-11,0.5046615083648271,0.97180504416196,5,256
adafnn-n8000-lambda0.01-seed15,15,8000,0.01,full_cmaes,150.58901429557525,0.5043712019861691,0.9337605668614068,5,256
adafnn-n8000-lambda0.1-seed15,15,8000,0.1,constant_in_u_cmaes,5.801718572229219e-11,0.5081285174304389,0.9673417822039464,5,256
adafnn-n8000-lambda1-seed15,15,8000,1.0,constant_in_u_cmaes,5.7971043077031934e-11,0.5017875554145818,0.9423964553874408,5,256
adafnn-n8000-lambda0.0001-seed16,16,8000,0.0001,full_cmaes,37187.05087698254,0.8575263841980254,1.0618344469020622,5,256
adafnn-n8000-lambda0.001-seed16,16,8000,0.001,constant_in_u_cmaes,5.680265502405746e-11,0.5018898518996688,1.281461599939513,5,256
adafnn-n8000-lambda0.01-seed16,16,8000,0.01,constant_in_u_cmaes,5.810388614690965e-11,0.5871585150917918,1.3969055218542925,5,256
adafnn-n8000-lambda0.1-seed16,16,8000,0.1,constant_in_u_cmaes,5.8070305897217615e-11,0.5266644150322152,1.4813849865860709,5,256
adafnn-n8000-lambda1-seed16,16,8000,1.0,constant_in_u_cmaes,5.8062646246526124e-11,0.5170931282796188,1.28991420965621,5,256
adafnn-n8000-lambda0.0001-seed17,17,8000,0.0001,full_cmaes,21547.133370228326,0.5032616612620676,1.2197054121348256,5,256
adafnn-n8000-lambda0.001-seed17,17,8000,0.001,constant_in_u_cmaes,1.1619476225632751e-10,0.5138409663556809,0.7167992651872531,5,256
adafnn-n8000-lambda0.01-seed17,17,8000,0.01,full_cmaes,31308.735364094384,0.5104170498234093,1.1290578641524274,5,256
adafnn-n8000-lambda0.1-seed17,17,8000,0.1,constant_in_u_cmaes,1.1619219009162407e-10,0.5011852167783584,0.722480750450656,5,256
adafnn-n8000-lambda1-seed17,17,8000,1.0,constant_in_u_cmaes,1.1509758479633091e-10,0.6094706736540582,0.8541745304190974,5,256
adafnn-n8000-lambda0.0001-seed18,18,8000,0.0001,constant_in_u_cmaes,5.762641563933357e-11,0.4998895873841206,1.3012557727682068,5,256
adafnn-n8000-lambda0.001-seed18,18,8000,0.001,constant_in_u_cmaes,5.7664230723730727e-11,0.5005368651833361,1.330790683605892,5,256
adafnn-n8000-lambda0.01-seed18,18,8000,0.01,full_cmaes,1446.3808702697768,0.5023003371925165,1.2933088920124494,5,256
adafnn-n8000-lambda0.1-seed18,18,8000,0.1,constant_in_u_cmaes,5.444298523116231e-11,0.5024732550262433,1.3001682135963128,5,256
adafnn-n8000-lambda1-seed18,18,8000,1.0,constant_in_u_cmaes,5.6498599576570986e-11,0.4986196633803155,1.3169987568217254,5,256
adafnn-n8000-lambda0.0001-seed19,19,8000,0.0001,full_cmaes,54375.10129978155,0.6858153845179211,0.9934727849749057,5,256
adafnn-n8000-lambda0.001-seed19,19,8000,0.001,constant_in_u_cmaes,5.795678958975259e-11,0.5154851976152065,0.9845052722407583,5,256
adafnn-n8000-lambda0.01-seed19,19,8000,0.01,constant_in_u_cmaes,5.787256185385559e-11,0.5012758548116291,1.018681131629257,5,256
adafnn-n8000-lambda0.1-seed19,19,8000,0.1,constant_in_u_cmaes,3.75770028426814e-11,0.6457722940515798,1.0444755283728329,5,256
adafnn-n8000-lambda1-seed19,19,8000,1.0,constant_in_u_cmaes,5.747157416635673e-11,0.5018431577948251,1.0071287604898191,5,256
