fit_id,approximator,master_seed,n_transitions,lambda_dimensionless,checkpoint_iteration,previous_checkpoint_iteration,split,query_class,query_count,D_actual_sq,G_actual_sq,actual_graph_design_ratio,D_projected_sq,ridge_beta_norm_sq,projected_regularized_denominator,G_projected_sq,projected_graph_design_ratio,mean_representation_leverage,projected_inequality_slack,projected_inequality_tolerance,projected_inequality_pass,behavior_projection_rmse,graph_projection_rmse,exact_zero_secant,selected_sample_size_view,fixed_n_all_lambda_view
adafnn-n32000-lambda0.0001-seed09,adafnn,9,32000,0.0001,20,19,B,learned,256,0.1135204436708891,0.1153050503004458,1.015720574830825,0.1119687681861351,0.3956079973166663,0.1122048275270566,0.1153012866578443,1.0275964875935577,33.01027190634858,31.982675418755026,3.301027190634858e-07,True,0.0328566097480058,0.0331047749057416,False,True,False
krr-n4000-lambda0.01-seed15,nystrom_krr,15,4000,0.01,20,19,B,learned,256,0.1478257395956286,0.2317638212137245,1.567817768730298,0.1408973047381942,2707.321998331416,0.143539817369943,0.1791602036668071,1.2481568316689453,9152.511258768374,9151.263101936704,9.152511258768374e-05,True,0.0405389885657819,0.1687476077265131,False,True,False
krr-n2000-lambda0.01-seed03,nystrom_krr,3,2000,0.01,20,19,B,learned,256,0.1875705398194857,0.1939758791270779,1.034148962378402,0.1875042723790967,15.690338081411992,0.18753482768971,0.1922380779652457,1.0250793430397769,2742.897307827866,2741.8722284848263,2.742897307827866e-05,True,0.0022708630875366,0.0074542674796294,False,True,False
adafnn-n2000-lambda0.0001-seed08,adafnn,8,2000,0.0001,20,19,B,learned,256,0.9011143683973788,0.3038051399218098,0.3371438194489382,0.7927736074311793,9.54771627875326,0.8187306286027999,0.3356821528404742,0.4100031696790563,283.7231120293029,283.31310885962387,2.8372311202930293e-06,True,0.2375430879317005,0.3594204222867622,False,True,False
adafnn-n4000-lambda0.001-seed00,adafnn,0,4000,0.001,20,19,B,learned,256,0.6122914922073549,0.5359950698524578,0.8753919933137679,0.590378800190671,1.7831993829469854,0.5920638943359412,0.5591048745081468,0.9443319882480568,11.385694523013576,10.44136253476552,1.1385694523013577e-07,True,0.136170862249791,0.1750677499275195,False,True,False
krr-n32000-lambda0.1-seed19,nystrom_krr,19,32000,0.1,20,19,B,learned,256,0.0439985382098569,0.2865454810843043,6.512613662699132,0.0401472712624444,3405.4332972869656,0.0411019242904396,0.0899849327094135,2.189311918185401,74656.4514495485,74654.26213763031,0.0007465645144954,True,0.0440676853422343,0.4344293851802754,False,True,False
krr-n8000-lambda0.01-seed18,nystrom_krr,18,8000,0.01,20,19,B,learned,256,0.085248678320661,0.0367295395155023,0.4308517180447653,0.0835843616700929,844.7259430199417,0.0841341614165518,0.0361556532162447,0.4297380826943358,4882.931111942463,4882.501373859768,4.882931111942463e-05,True,0.0237637782696749,0.0631040405746668,False,True,True
adafnn-n32000-lambda0.01-seed08,adafnn,8,32000,0.01,20,19,B,learned,256,1.5660434672415255,1.1066395394110202,0.706646758253963,1.3614044642889735,34.54453634835038,1.399606953173026,1.720615599379122,1.2293562814033916,810.2427544640129,809.0133981826095,8.10242754464013e-06,True,0.3580977871813631,0.741379082027868,False,True,False
krr-n16000-lambda0.0001-seed10,nystrom_krr,10,16000,0.0001,20,19,B,learned,256,0.0863836768605301,0.2445404689589954,2.83086432352047,0.080618529245405,4188.944657053527,0.082436406970387,0.0663730676783675,0.8051426562320972,45271.33947916201,45270.53433650578,0.0004527133947916,True,0.0461453374151775,0.4702040746302476,False,True,False
adafnn-n32000-lambda0.0001-seed12,adafnn,12,32000,0.0001,20,19,B,learned,256,0.108544905446123,0.1342453039413911,1.236772038168338,0.1026930370311536,8.385072156341442,0.1032616720898645,0.1146039311086446,1.1098399705256503,26.073436568405167,24.96359659787952,2.607343656840517e-07,True,0.0686629324845791,0.0818661943672297,False,True,False
krr-n8000-lambda0.001-seed14,nystrom_krr,14,8000,0.001,20,19,B,learned,256,0.0839156158862264,0.1080493674968597,1.287595477382351,0.0804479741398348,1856.5111307932912,0.0816562527909259,0.0666055286300165,0.8156819147769924,8554.744285920577,8553.9286040058,8.554744285920577e-05,True,0.0324204325111399,0.1465790948835519,False,True,True
adafnn-n2000-lambda0.001-seed09,adafnn,9,2000,0.001,20,19,B,learned,256,1.2986294236163611,1.6392408339450428,1.2622853018224116,0.9386011652712798,14.04059725913168,0.9783425834136236,2.736075205955126,2.796643274392124,477.890253103356,475.0936098289639,4.77890253103356e-06,True,0.5296653868818797,0.938928253223382,False,True,False
krr-n16000-lambda0.1-seed05,nystrom_krr,5,16000,0.1,20,19,B,learned,256,0.0863609534920652,0.4888917468634108,5.661027664641631,0.078406716476361,5746.524455717979,0.0809006006903206,0.077780012396527,0.96142688351921,73250.17965364472,73249.21822676121,0.0007325017965364,True,0.0544652970962683,0.674837263529843,False,True,False
krr-n32000-lambda0.0001-seed01,nystrom_krr,1,32000,0.0001,20,19,B,learned,256,0.1080523464075421,1.338115555154137,12.38395647705005,0.1013072633559164,6746.738421374117,0.1032012348278887,0.0860997968884123,0.8342903748390521,173952.4229812879,173951.58869091308,0.0017395242298128,True,0.0543795927502373,1.0382176212771357,False,True,False
adafnn-n2000-lambda0.0001-seed19,adafnn,19,2000,0.0001,20,19,B,learned,256,0.8382867976624706,1.085879075004164,1.2953550956928996,0.8095676077230474,2.518292145911908,0.810467330472123,1.2052456790386854,1.4870996445181712,28.49333631856539,27.00623667404722,2.849333631856539e-07,True,0.1640723755976449,0.4268830409686488,False,True,False
adafnn-n2000-lambda0.01-seed16,adafnn,16,2000,0.01,20,19,B,learned,256,0.8929090767016015,0.7240966130040718,0.8109410374445722,0.8324774954488208,15.678771340083538,0.8479429404884838,0.7939232508385057,0.9362932491437944,449.0226336720448,448.086340422901,4.490226336720448e-06,True,0.1717576524530399,0.4937062051254215,False,True,False
krr-n2000-lambda0.01-seed18,nystrom_krr,18,2000,0.01,20,19,B,learned,256,0.885798031536791,2.2718841356787047,2.5647879706135286,0.8738164858811911,2632.843529113015,0.8789446654488717,1.615272126289312,1.837740405949676,4675.815528806144,4673.977788400195,4.675815528806144e-05,True,0.0415353646937331,0.3541771623749601,False,True,False
adafnn-n8000-lambda0.1-seed14,adafnn,14,8000,0.1,20,19,B,learned,256,4.761772915714869,9.244275255058842,1.941351555121572,4.501770110644545,19.744219319864225,4.561954283983103,7.050748945426035,1.5455544940862345,971.5787453714264,970.0331908773404,9.715787453714266e-06,True,0.3736769438966059,1.5250213626959457,False,True,True
krr-n8000-lambda0.0001-seed12,nystrom_krr,12,8000,0.0001,20,19,B,learned,256,0.4137385559034106,0.8237224613472102,1.990925065102012,0.4017068038233052,6663.900348703268,0.4060441781936881,0.737950407583157,1.8174140825413965,13941.898784569685,13940.081370487142,0.0001394189878456,True,0.0579396525648802,0.1694360756438499,False,True,True
krr-n8000-lambda0.001-seed05,nystrom_krr,5,8000,0.001,20,19,B,learned,256,0.0378281331213526,0.0515076062058193,1.3616216808950885,0.0364970331036954,746.814276826058,0.0369831153152648,0.0432689175510231,1.1699641088149155,11270.93044611932,11269.760482010504,0.0001127093044611,True,0.0189455956496082,0.0853097734359675,False,True,True
adafnn-n32000-lambda1-seed17,adafnn,17,32000,1.0,20,19,B,learned,256,2.377730350430821,4.037977375259339,1.6982486573919948,1.935510125429724,70.30207748606735,2.035420299170836,4.708975942985406,2.313515269992979,644.7535951055497,642.4400798355567,6.447535951055497e-06,True,0.492341220617014,1.321077359127902,False,True,False
adafnn-n32000-lambda0.001-seed05,adafnn,5,32000,0.001,20,19,B,learned,256,0.0937215916137665,0.0858250411897305,0.9157445975034418,0.0932012368102671,0.085818408021936,0.093282606591737,0.0830106555314636,0.8898835331089118,20.11524495490424,19.22536142179533,2.0115244954904246e-07,True,0.0189107176059129,0.0177803108393728,False,True,False
krr-n8000-lambda0.0001-seed06,nystrom_krr,6,8000,0.0001,20,19,B,learned,256,0.0961653101830324,0.0877217737166094,0.9121976890590552,0.0941252418600416,1177.754537421772,0.0948917942407213,0.0802001205106659,0.84517445530869,7062.97341263534,7062.128238180031,7.06297341263534e-05,True,0.0225158513414739,0.0684830916552452,False,True,True
krr-n4000-lambda0.01-seed09,nystrom_krr,9,4000,0.01,20,19,B,learned,256,0.4652516829586035,0.4645316619524383,0.998452405369957,0.4559391458305764,3471.265755158087,0.4593270485581932,0.4239568846389149,0.9229956867763316,4995.486371726303,4994.563376039527,4.995486371726303e-05,True,0.0503659773338476,0.1467015560836422,False,True,False
adafnn-n32000-lambda0.0001-seed04,adafnn,4,32000,0.0001,20,19,B,learned,256,0.1186438031461989,0.094587000489799,0.7972350681749819,0.1180765392079704,0.0437951246669473,0.1181104449811925,0.0939010645386192,0.7950276078764387,16.012573443803998,15.21754583592756,1.6012573443804e-07,True,0.0223484315236126,0.019825603398217,False,True,False
adafnn-n8000-lambda0.01-seed00,adafnn,0,8000,0.01,20,19,B,learned,256,3.003991647411865,6.266658900747128,2.0861106275532637,2.3912576620439614,91.10993465436428,2.426442683503026,2.7802572674399864,1.145816172103502,83.11434726857559,81.96853109647208,8.311434726857559e-07,True,0.7364536254544974,1.5803839861245188,False,True,True
krr-n16000-lambda0.01-seed01,nystrom_krr,1,16000,0.01,20,19,B,learned,256,0.163616857993765,0.1688268111418814,1.0318423982222842,0.1584839924653162,3687.272336099579,0.1600841591593239,0.0907857129218971,0.5671124076151881,21882.752749039853,21882.18563663224,0.0002188275274903,True,0.0439605748419331,0.3175774608632801,False,True,False
krr-n4000-lambda0.1-seed18,nystrom_krr,18,4000,0.1,20,19,B,learned,256,0.1958662732288938,0.7258192101658213,3.705687549982697,0.1938525563484162,724.872938744865,0.1945600048572176,0.4283453612710391,2.2016105601220057,20844.655754375548,20842.454143815427,0.0002084465575437,True,0.0244707961226159,0.2514976598809536,False,True,False
adafnn-n2000-lambda0.1-seed05,adafnn,5,2000,0.1,20,19,B,learned,256,2.194653219574953,2.8644859070313125,1.3052111748142552,1.9105413062124832,16.968948480256486,1.9658945214790875,2.805752614377952,1.4272142191367303,321.7485219199553,320.32130770081864,3.2174852191995537e-06,True,0.416419839613585,0.5964367070623472,False,True,False
krr-n4000-lambda0.1-seed14,nystrom_krr,14,4000,0.1,20,19,B,learned,256,0.132497672789311,0.1512792125096506,1.1417499592630935,0.126411548008426,2369.7985959593198,0.1287247659876914,0.1318329195345089,1.024145730799889,4055.460310296769,4054.436164565969,4.055460310296769e-05,True,0.0382058741865014,0.1074005962447222,False,True,False
adafnn-n4000-lambda0.0001-seed16,adafnn,16,4000,0.0001,20,19,B,learned,256,0.0990722219950389,0.0998168719791596,1.007516233805254,0.0946547887291589,0.6053581472962581,0.0953364993758426,0.0971688488484943,1.019219810719377,41.51511500321615,40.495895192496775,4.151511500321615e-07,True,0.0552631158464827,0.0535070317983629,False,True,False
krr-n16000-lambda0.0001-seed03,nystrom_krr,3,16000,0.0001,20,19,B,learned,256,0.0511022837547734,0.0764969915584435,1.496938804643892,0.0478169317394918,2301.681616153829,0.0488157873679225,0.0663345017817826,1.3588739495651756,67591.10004307632,67589.74116912676,0.0006759110004307,True,0.0358837116031823,0.2845884068014981,False,True,False
adafnn-n16000-lambda0.01-seed11,adafnn,11,16000,0.01,20,19,B,learned,256,0.1379846010331875,0.1001813182061734,0.7260325967973645,0.137033055236028,0.201954674057483,0.1371704002168289,0.0983330077693635,0.7168675429533333,27.88811378424305,27.17124624128971,2.7888113784243045e-07,True,0.0260164532149254,0.0209409425455038,False,True,False
adafnn-n16000-lambda0.1-seed17,adafnn,17,16000,0.1,20,19,B,learned,256,0.2071902378020389,0.2230269877363788,1.0764357920640608,0.1953563237108416,1.7834854832713014,0.1966048363242151,0.222369789672415,1.1310494382025869,45.69952274094007,44.56847330273748,4.569952274094007e-07,True,0.096627578155395,0.1329714575234768,False,True,False
adafnn-n2000-lambda0.0001-seed17,adafnn,17,2000,0.0001,20,19,B,learned,256,0.7860858565015469,0.8186185660845986,1.0413856951043967,0.5261617013581439,22.996220430463246,0.5871284633957723,0.786068276170144,1.338835238243713,185.1972727493993,183.8584375111556,1.851972727493993e-06,True,0.3714709020483336,0.5770333041942319,False,True,False
adafnn-n32000-lambda0.0001-seed03,adafnn,3,32000,0.0001,20,19,B,learned,256,0.0939613649153987,0.083509869647119,0.888768162556067,0.0913992357084964,0.3862771347970632,0.091708628034962,0.0809693796542087,0.8828981676984728,19.460893911413265,18.577995743714794,1.946089391141327e-07,True,0.0440833818053243,0.0456607268853725,False,True,False
adafnn-n4000-lambda0.1-seed15,adafnn,15,4000,0.1,20,19,B,learned,256,0.5409798966246105,0.4442167463884452,0.8211335562746246,0.3595665064289537,13.128359335080932,0.3909343309567549,0.3841127881253418,0.9825506682549002,264.9774171175849,263.99486644933,2.6497741711758487e-06,True,0.3444963586748095,0.4559559526754374,False,True,False
krr-n8000-lambda0.1-seed19,nystrom_krr,19,8000,0.1,20,19,B,learned,256,0.1071432506944986,0.7370826053592647,6.879412380915476,0.1019735620520946,2838.4837268586493,0.1038210393393144,0.1366285730592214,1.3160008214971084,28121.109509066388,28119.79350824489,0.0002812110950906,True,0.0384022664430661,0.6605462255589492,False,True,True
adafnn-n2000-lambda0.001-seed01,adafnn,1,2000,0.001,20,19,B,learned,256,3.81243386999935,3.165784903786637,0.8303842143200708,3.2804538065742133,52.54846053541964,3.4115220609658725,4.170050755013322,1.2223431889028131,250.28280975323156,249.06046656432872,2.5028280975323155e-06,True,0.5194646808490371,0.8771569059465489,False,True,False
adafnn-n4000-lambda1-seed13,adafnn,13,4000,1.0,20,19,B,learned,256,11.061947622531298,8.004385032403807,0.7235963598399473,10.492255913432473,92.8122301826757,10.601333665353868,5.677215966290239,0.5355190342554639,719.8669063772433,719.3313873429878,7.1986690637724325e-06,True,0.5929048871887151,1.9347199734964116,False,True,False
adafnn-n16000-lambda0.001-seed15,adafnn,15,16000,0.001,20,19,B,learned,256,2.519594603547728,2.026817688975153,0.8044221424038939,2.369685334109585,34.73181985741427,2.3941366965495567,2.3781496806454703,0.9933224297814208,295.6769100417273,294.6835876119459,2.956769100417273e-06,True,0.3178152679915307,0.8339697365269275,False,True,False
adafnn-n32000-lambda0.001-seed11,adafnn,11,32000,0.001,20,19,B,learned,256,0.1118912683678058,0.1088785117979131,0.9730742477599842,0.1107486405425462,0.2269497838403771,0.1108798492908472,0.1030364246334455,0.9292619469852664,18.80650503013156,17.87724308314629,1.8806505030131562e-07,True,0.0296683388487583,0.0343189542035985,False,True,False
adafnn-n8000-lambda1-seed17,adafnn,17,8000,1.0,20,19,B,learned,256,4.253293437579898,0.2737312941285381,0.0643574909997956,3.776681946500216,19.584394248719697,3.85201445969272,3.06157658820484,0.7947988306484876,715.9439398527244,715.1491410220759,7.159439398527244e-06,True,0.5709172134957335,1.6370162200499754,False,True,True
adafnn-n16000-lambda0.01-seed10,adafnn,10,16000,0.01,20,19,B,learned,256,0.107832133881484,0.1112751430063552,1.0319293424041422,0.1070432413823029,0.1275861817383544,0.1071575198851085,0.1121788987332505,1.0468597897144856,25.657161150685024,24.61030136097054,2.565716115068503e-07,True,0.0236714066810443,0.0226616418148973,False,True,False
adafnn-n8000-lambda0.001-seed10,adafnn,10,8000,0.001,20,19,B,learned,256,0.0958236425239735,0.0855391800754414,0.8926730170379501,0.0923567954447363,0.4504474022878277,0.0927519465123079,0.0808470157594111,0.871647645137916,43.42030737156354,42.54865972642562,4.342030737156354e-07,True,0.0517353355522206,0.0616646921288441,False,True,True
krr-n8000-lambda0.1-seed00,nystrom_krr,0,8000,0.1,20,19,B,learned,256,0.0427012983747861,0.0553016143560978,1.2950803947627,0.0413838798952018,745.8667066325505,0.0418693398771385,0.0495539809260724,1.1835386244799604,6290.809985143735,6289.626446519254,6.290809985143734e-05,True,0.0186144705998009,0.0706266228630205,False,True,True
adafnn-n8000-lambda0.0001-seed03,adafnn,3,8000,0.0001,20,19,B,learned,256,3.830398066457767,3.139260614521941,0.8195651104808102,3.769618250926151,3.803727811125409,3.780515143295848,1.56041557319082,0.4127521023048863,754.828056263432,754.4153041611271,7.548280562634321e-06,True,0.1974488054544604,0.993153716000971,False,True,True
adafnn-n4000-lambda0.001-seed17,adafnn,17,4000,0.001,20,19,B,learned,256,0.9860997201571274,1.1498173688272215,1.1660254488704318,0.6270131855757174,13.856200083127,0.6586708409453111,0.6379132991298733,0.9684857131588714,802.1353537009404,801.1668679877815,8.021353537009404e-06,True,0.5438485302383562,0.8681566855048967,False,True,False
adafnn-n4000-lambda1-seed12,adafnn,12,4000,1.0,20,19,B,learned,256,0.1946257657459244,0.1849263342319611,0.9501636821990695,0.1790138218504606,2.00866914364603,0.1800545321483952,0.1832078962429618,1.0175133836229548,11.938059082816828,10.920545699193871,1.193805908281683e-07,True,0.1163207775887086,0.1051101942106923,False,True,False
adafnn-n32000-lambda0.0001-seed13,adafnn,13,32000,0.0001,20,19,B,learned,256,0.1002835382481251,0.1101784560397876,1.0986694123932892,0.0972170719118867,0.4164960360237329,0.0975177835187975,0.1066228514018379,1.0933682817071546,20.97237495776824,19.879006676061085,2.097237495776824e-07,True,0.0496492006245298,0.0526622385641316,False,True,False
adafnn-n4000-lambda0.1-seed03,adafnn,3,4000,0.1,20,19,B,learned,256,6.646710436376141,3.931594072819305,0.5915097566613498,6.085463075390551,30.82262166402136,6.204132428960178,21.30373595820752,3.4337977472505465,1100.8191923781458,1097.3853946308952,1.100819192378146e-05,True,0.5691297337534715,3.680647408931658,False,True,False
krr-n2000-lambda0.1-seed17,nystrom_krr,17,2000,0.1,20,19,B,learned,256,0.9910281974937514,1.553442007088333,1.567505355565958,0.9853435418284368,1216.9408469432344,0.9877145341046186,1.3979220162444668,1.4153097559829964,4696.5211470193135,4695.105837263331,4.696521147019314e-05,True,0.0307029495806378,0.1922710231311941,False,True,False
adafnn-n16000-lambda0.0001-seed08,adafnn,8,16000,0.0001,20,19,B,learned,256,0.0909550091613519,0.0848677157798762,0.9330735773916864,0.0897528585537093,0.2317129843473894,0.0899688691813242,0.0889315407087019,0.9884701399266048,34.51228753899546,33.523817399068854,3.451228753899546e-07,True,0.0277512045363733,0.0317967572061992,False,True,False
adafnn-n16000-lambda0.01-seed09,adafnn,9,16000,0.01,20,19,B,learned,256,1.815013245508118,1.4781635462208342,0.8144092335849693,1.513359651500655,67.3324705162256,1.5691327020379089,1.5694811297748048,1.0002220511601367,264.5594360913972,263.559214040237,2.645594360913972e-06,True,0.4360131797714394,0.8508381301437511,False,True,False
krr-n4000-lambda0.1-seed16,nystrom_krr,16,4000,0.1,20,19,B,learned,256,1.8363739557385992,3.742815383419234,2.0381553396153747,1.777606170196609,23917.71891069608,1.8009509050702452,2.599861227910448,1.4436047204790636,8518.56169698538,8517.1180922649,8.51856169698538e-05,True,0.1099013912319406,0.671349161617882,False,True,False
adafnn-n2000-lambda0.001-seed00,adafnn,0,2000,0.001,20,19,B,learned,256,0.563080249254129,0.6194243192236204,1.1000640140444036,0.5456936782510569,4.0994424302381045,0.5475619463534326,0.5978557726053703,1.091850477533869,15.351010415725703,14.259159938191834,1.5351010415725702e-07,True,0.1168333634013124,0.1314101724325538,False,True,False
adafnn-n2000-lambda0.01-seed18,adafnn,18,2000,0.01,20,19,B,learned,256,0.1072838933178949,0.1320228580391127,1.2305934652083637,0.0933927854204727,3.573523913179192,0.0959738469094525,0.0847986768067412,0.8835602566472651,175.77646632926854,174.8929060726213,1.7577646632926854e-06,True,0.0934290368125093,0.1784412829770824,False,True,False
krr-n8000-lambda0.01-seed01,nystrom_krr,1,8000,0.01,20,19,B,learned,256,0.1561280173455826,0.2912555427352747,1.865491842444865,0.1500248058796764,3347.332707780607,0.1522035054236758,0.1651952806313338,1.085357923731743,14341.76769694146,14340.682339017729,0.0001434176769694,True,0.0417829196910169,0.2554611168163647,False,True,True
krr-n2000-lambda0.0001-seed01,nystrom_krr,1,2000,0.0001,20,19,B,learned,256,0.1342509459710176,0.15557852848051,1.1588635547796935,0.1339762414738742,59.05992275418379,0.1340914280330305,0.1437929216979792,1.072349842247626,2465.2735946581347,2464.201244815887,2.4652735946581342e-05,True,0.0066581813455823,0.0302854850213095,False,True,False
adafnn-n32000-lambda0.001-seed10,adafnn,10,32000,0.001,20,19,B,learned,256,0.1285566028691391,0.1387130765255726,1.0790039051263045,0.1223498625813967,1.4727873510619496,0.1229813940968477,0.1328100378376654,1.0799197619525898,18.87057274576837,17.790652983815782,1.887057274576837e-07,True,0.0703112882786912,0.0924860905872645,False,True,False
adafnn-n4000-lambda0.01-seed05,adafnn,5,4000,0.01,20,19,B,learned,256,1.1429044506687809,1.8128696052133224,1.5861952450640169,0.8157270266357262,16.912121007997214,0.8704273433681206,0.6756865192036962,0.7762698683029943,608.0804998141282,607.3042299458252,6.080804998141282e-06,True,0.4666656089424598,1.273158400242384,False,True,False
krr-n4000-lambda0.01-seed07,nystrom_krr,7,4000,0.01,20,19,B,learned,256,0.0301580108076214,0.0194639680592264,0.6453995982489533,0.029594976287013,226.2254156450324,0.02981578058269,0.0182937866304947,0.6135605465622297,5712.137792574131,5711.524232027568,5.712137792574131e-05,True,0.0110193434130364,0.0514191700014651,False,True,False
adafnn-n2000-lambda0.01-seed15,adafnn,15,2000,0.01,20,19,B,learned,256,0.688841080417175,1.0088149883033104,1.4645104901298185,0.420123785309138,19.163880499120843,0.464307578579716,0.6703511438854333,1.443765242721193,209.46712251830104,208.02335727557983,2.0946712251830105e-06,True,0.4246760042286962,0.6348812736612636,False,True,False
krr-n16000-lambda1-seed17,nystrom_krr,17,16000,1.0,20,19,B,learned,256,0.1019435676838571,0.2066682764965539,2.027281183031227,0.0966104089462343,3534.924864554788,0.0981444657439802,0.2281513264868142,2.3246479030409115,39351.41265741194,39349.0880095089,0.0003935141265741,True,0.0475924903963983,0.3523784023805906,False,True,False
krr-n2000-lambda0.01-seed14,nystrom_krr,14,2000,0.01,20,19,B,learned,256,0.163204549758881,0.1836500706408017,1.1252754344908094,0.1630030618812378,44.04894797760893,0.1630889261886089,0.1779521634501977,1.091135784684729,2290.624843858206,2289.533708073521,2.290624843858206e-05,True,0.0054552051199609,0.0168880103836047,False,True,False
adafnn-n4000-lambda0.1-seed09,adafnn,9,4000,0.1,20,19,B,learned,256,1.4474536731457206,1.2503746912801788,0.8638443595661102,1.269942229199125,12.49419040627132,1.307492691729773,1.0099351939782877,0.7724212918101854,450.4291907884742,449.656769496664,4.504291907884743e-06,True,0.3200164353361796,0.8341699271747874,False,True,False
krr-n4000-lambda0.01-seed13,nystrom_krr,13,4000,0.01,20,19,B,learned,256,7.783782344348109,13.978664155051868,1.7958703798034554,7.714876326181142,30166.26753143192,7.744320453270092,10.447118706778513,1.3490039274352528,23749.827866943662,23748.478863016226,0.0002374982786694,True,0.100088780535397,0.8529071075885932,False,True,False
krr-n4000-lambda1-seed01,nystrom_krr,1,4000,1.0,20,19,B,learned,256,0.1306648581454975,0.1299833450622868,0.994784266459373,0.1300753931560455,249.36047744888825,0.1303187858560653,0.1259074989225578,0.9661500304462652,1485.6981905750645,1484.7320405446185,1.4856981905750643e-05,True,0.0101330937729962,0.0166517708596504,False,True,False
adafnn-n8000-lambda0.0001-seed13,adafnn,13,8000,0.0001,20,19,B,learned,256,0.5367461057529724,0.6716788751196852,1.2513903089756426,0.4249028147374579,2.381276691871712,0.4362193186126265,0.5418217473125988,1.2420856303105408,1280.1488789637026,1278.906793333392,1.2801488789637026e-05,True,0.29868090542477,0.7500150386125718,False,True,True
krr-n4000-lambda0.0001-seed17,nystrom_krr,17,4000,0.0001,20,19,B,learned,256,0.0678837977094816,0.0715821937590688,1.054481277924595,0.0649973366623969,1038.096787329848,0.0660104629157759,0.0712337987807631,1.0791289082709776,8063.701578005461,8062.62244909719,8.063701578005461e-05,True,0.0293293119647682,0.14585777455731,False,True,False
krr-n2000-lambda1-seed10,nystrom_krr,10,2000,1.0,20,19,B,learned,256,0.1142819914947714,0.1163121728252168,1.0177646653150791,0.1142012245001488,16.967709411963995,0.1142342996747388,0.1139639700833756,0.9976335514628012,1422.0935958434793,1421.0959622920166,1.4220935958434794e-05,True,0.0038231721701399,0.0108409798112111,False,True,False
adafnn-n4000-lambda0.001-seed18,adafnn,18,4000,0.001,20,19,B,learned,256,2.886167103477392,3.792445856137865,1.3140077203321128,2.159631803525832,69.87122155653175,2.297574314240567,3.2607715119880747,1.4192235227289611,403.3044175347986,401.8851940120697,4.0330441753479866e-06,True,0.6713049072683107,1.6087776826071296,False,True,False
krr-n16000-lambda0.1-seed19,nystrom_krr,19,16000,0.1,20,19,B,learned,256,0.0847773774366002,0.1211715973915092,1.4292916466085075,0.0812498851401977,2503.98877331736,0.082336555108624,0.0772571952370936,0.9383097839734812,38515.62230644626,38514.68399666229,0.0003851562230644,True,0.0367988092137468,0.3274460505294044,False,True,False
krr-n32000-lambda0.1-seed10,nystrom_krr,10,32000,0.1,20,19,B,learned,256,0.1260264370771302,0.315216933721235,2.501196899887896,0.1195887713464805,6507.424515744733,0.1214232996440674,0.1303220972411931,1.0732873972558077,39049.44153023064,39048.368242833385,0.0003904944153023,True,0.0526175743975001,0.4092562212750297,False,True,False
adafnn-n2000-lambda0.0001-seed11,adafnn,11,2000,0.0001,20,19,B,learned,256,0.9142534412206132,1.353215163567139,1.480131331811528,0.5934594096584814,50.71485416111227,0.644083492542058,0.7987938202550839,1.2402022866669316,944.3254566209991,943.0852543343324,9.443254566209993e-06,True,0.4685572172053769,1.0151765291211408,False,True,False
adafnn-n8000-lambda0.0001-seed02,adafnn,2,8000,0.0001,20,19,B,learned,256,1.020290282936962,1.0356768493418436,1.0150805772261111,0.9463016608368948,11.27041027272052,0.962848376038842,1.0387326176786504,1.078812244511432,338.8481721081751,337.7693598636637,3.3884817210817517e-06,True,0.2022255960540672,0.6344326500343526,False,True,True
krr-n16000-lambda0.1-seed06,nystrom_krr,6,16000,0.1,20,19,B,learned,256,0.1550356326540629,0.5417982715385937,3.49466933674228,0.1472959170928794,5244.5648185935015,0.149571934247699,0.1800790282489542,1.2039626896228666,40730.31803902028,40729.114076330654,0.0004073031803902,True,0.0564595541210198,0.4667895269539524,False,True,False
adafnn-n8000-lambda0.01-seed18,adafnn,18,8000,0.01,20,19,B,learned,256,0.5497050207849011,0.6990394771424064,1.2716628932082097,0.5368646473591567,0.8740367474310514,0.5388517031131002,0.8085903137076726,1.5005804176477786,339.8436304265669,338.34305000891914,3.3984363042656693e-06,True,0.0941608300360353,0.1286062936989821,False,True,True
adafnn-n2000-lambda0.01-seed03,adafnn,3,2000,0.01,20,19,B,learned,256,2.438141805435865,2.105546511856055,0.8635865670986467,2.385794260008895,2.568760641607416,2.3917947731154823,3.3670297504070312,1.407741913417277,587.3083396754657,585.9005977620485,5.873083396754657e-06,True,0.2008644299425066,0.7738510635311957,False,True,False
adafnn-n32000-lambda0.0001-seed02,adafnn,2,32000,0.0001,20,19,B,learned,256,0.1187878577679909,0.1169620659178445,0.9846298107866172,0.1139856460163618,0.9225268311235008,0.1144491341164079,0.109854267176919,0.959852322387906,21.85402553194822,20.894173209560314,2.1854025531948221e-07,True,0.0622513899578581,0.0645882705863245,False,True,False
krr-n8000-lambda0.001-seed07,nystrom_krr,7,8000,0.001,20,19,B,learned,256,0.1785364300713635,0.2289136295063684,1.2821676193193088,0.1672324393035024,6026.924853645232,0.171155262166554,0.1222014288841911,0.7139799696329227,14788.362283574272,14787.64830360464,0.0001478836228357,True,0.0588076954297442,0.2924144462323814,False,True,True
adafnn-n2000-lambda0.001-seed14,adafnn,14,2000,0.001,20,19,B,learned,256,0.0766307764245339,0.0795809281293236,1.0384982619573877,0.0762688930155404,0.0596314080575745,0.0763306660018895,0.0773883823643415,1.0138570304420749,50.42331453233793,49.40945750189586,5.042331453233793e-07,True,0.0154381811592866,0.0185526037970898,False,True,False
adafnn-n16000-lambda0.01-seed19,adafnn,19,16000,0.01,20,19,B,learned,256,0.6744279007207472,1.0448064273157796,1.549174383502249,0.3472791464896752,113.34566715514792,0.3693104967623266,1.5058481614345425,4.077458330147723,290.24247819692084,286.1650198667731,2.9024247819692085e-06,True,0.5320583179368588,0.6536531421375863,False,True,False
krr-n32000-lambda0.01-seed04,nystrom_krr,4,32000,0.01,20,19,B,learned,256,0.2469515838165601,2.5310423989484168,10.24914422427239,0.2407090220522605,5262.976809316011,0.2421852260443192,0.298954182907635,1.2344030550109906,201781.1125155749,201779.8781125199,0.0020178111251557,True,0.0573598621004566,1.5435482589990264,False,True,False
krr-n2000-lambda0.1-seed02,nystrom_krr,2,2000,0.1,20,19,B,learned,256,0.1857914500627958,0.2091649948476525,1.125805276706526,0.1855328021141465,54.79391940149013,0.1856396352376583,0.1956952550417692,1.0541674184569343,2493.545586363141,2492.491418944684,2.493545586363141e-05,True,0.0067068399135505,0.0332380551915436,False,True,False
krr-n32000-lambda0.1-seed06,nystrom_krr,6,32000,0.1,20,19,B,learned,256,0.0557117612360639,0.5233997252067598,9.394779730423364,0.0520447774593657,3334.062779523145,0.052978900400385,0.0988622138027974,1.8660676808248544,117166.56743433417,117164.70136665336,0.0011716656743433,True,0.0424115302088895,0.6572626153060986,False,True,False
krr-n32000-lambda0.1-seed09,nystrom_krr,9,32000,0.1,20,19,B,learned,256,0.1021435275477091,0.9525774771176844,9.325872132943084,0.0975459238515269,4659.724971104099,0.0988617811642663,0.3888375022716298,3.93314279484351,175530.92970705553,175526.99656426068,0.0017553092970705,True,0.0443383476316203,0.9190726299526564,False,True,False
krr-n32000-lambda0.01-seed08,nystrom_krr,8,32000,0.01,20,19,B,learned,256,0.0444781150904631,0.3394405118420138,7.631629873514926,0.0410145071114226,3309.074633032017,0.0419468482540986,0.0860701416158776,2.051885783992545,97606.93647174908,97604.88458596508,0.0009760693647174,True,0.0399865689161837,0.6286089292511342,False,True,False
krr-n4000-lambda0.01-seed12,nystrom_krr,12,4000,0.01,20,19,B,learned,256,0.0879723496219854,0.1417522737778329,1.611327586303403,0.0846391205609328,1275.793674879591,0.0858844149886987,0.1118549763506229,1.302389686945433,5230.664583082867,5229.362193395921,5.2306645830828666e-05,True,0.0290282656306067,0.1201801599427358,False,True,False
krr-n8000-lambda1-seed16,nystrom_krr,16,8000,1.0,20,19,B,learned,256,0.1052657243162617,0.1336653843680092,1.2697901927357012,0.0997652617308254,2897.735331249161,0.1016512146232518,0.1286378385720897,1.2654825527551048,6036.044246809513,6034.778764256758,6.0360442468095134e-05,True,0.0415759161123825,0.1610006373545506,False,True,True
adafnn-n4000-lambda0.01-seed04,adafnn,4,4000,0.01,20,19,B,learned,256,4.450684425534529,6.368907416313419,1.4309950576980102,3.912901626708823,23.60871938569463,3.998442284109614,9.843983397714762,2.4619546058814383,998.9815855616114,996.51963095573,9.989815855616112e-06,True,0.6055588196184218,2.734035494009635,False,True,False
adafnn-n16000-lambda0.001-seed02,adafnn,2,16000,0.001,20,19,B,learned,256,0.085443252824303,0.0880161165391131,1.0301119588705343,0.0845718275804473,0.0975757302484185,0.0846727850865337,0.085605302712755,1.0110131918451517,30.400709529013707,29.389696337168555,3.040070952901371e-07,True,0.0258748957765559,0.0243737806283207,False,True,False
krr-n8000-lambda0.0001-seed13,nystrom_krr,13,8000,0.0001,20,19,B,learned,256,0.2453580021465778,0.1686556524414081,0.6873859868676816,0.2365645583604814,4639.002575434493,0.2395839023574866,0.1396894769654788,0.5830503451648688,7505.954840841431,7505.371790496266,7.505954840841432e-05,True,0.052485767519263,0.1639571130869885,False,True,True
krr-n32000-lambda0.0001-seed16,nystrom_krr,16,32000,0.0001,20,19,B,learned,256,0.0452553906292832,0.4119875880224124,9.103613565006537,0.0404181153162067,4024.688566589896,0.0415460503419653,0.064824215221342,1.560297902875824,50532.1822429677,50530.62194506482,0.0005053218224296,True,0.050807531543654,0.4982717391655863,False,True,False
adafnn-n2000-lambda0.1-seed13,adafnn,13,2000,0.1,20,19,B,learned,256,2.4667831813247587,1.5226251212835322,0.617251298294414,1.9189419243504244,52.87639903647372,2.00059148461294,1.9319336262764888,0.965681220346824,343.5527942938893,342.5871130735425,3.4355279429388936e-06,True,0.6201146155749606,1.374375265995822,False,True,False
adafnn-n4000-lambda0.01-seed02,adafnn,2,4000,0.01,20,19,B,learned,256,3.8888647593017502,2.8257680714670883,0.726630584081936,3.854347623577261,3.54581434586504,3.862912108436392,3.59679126826091,0.9311087509357804,399.477057513186,398.5459487622502,3.99477057513186e-06,True,0.1318641956125005,0.5602923161380574,False,True,False
krr-n8000-lambda0.1-seed09,nystrom_krr,9,8000,0.1,20,19,B,learned,256,0.1116427259455824,0.1475894631463752,1.3219801101803463,0.1091337715234891,1347.689151604941,0.1100109216334879,0.0978659678002307,0.8896022899097307,7608.347451180248,7607.457848890338,7.608347451180247e-05,True,0.0274709701702717,0.1618570627247315,False,True,True
adafnn-n4000-lambda0.0001-seed19,adafnn,19,4000,0.0001,20,19,B,learned,256,1.988728297720379,2.671964410676128,1.3435542772428604,1.8684521299006185,43.0433554871132,1.8878534059235552,4.185006696789955,2.2168070273139726,259.19100709699944,256.9742000696855,2.591910070969994e-06,True,0.2854358347777799,0.7763115535390196,False,True,False
adafnn-n32000-lambda0.01-seed16,adafnn,16,32000,0.01,20,19,B,learned,256,0.1311445866621115,0.1222843324386238,0.932439039620325,0.129722898941148,0.4168667658846373,0.129984341452732,0.1274042164912327,0.9801504940313328,21.06594169854769,20.085791204516354,2.106594169854769e-07,True,0.0299800383636574,0.0299274401395324,False,True,False
krr-n16000-lambda0.01-seed14,nystrom_krr,14,16000,0.01,20,19,B,learned,256,0.0887335483752575,0.1132142073898855,1.2758895531946772,0.0859050866300911,2137.426951691916,0.0868326628153552,0.0766532172870829,0.8827693957754319,20496.85664980307,20495.97388040729,0.000204968566498,True,0.0311979065746135,0.1823715580608318,False,True,False
krr-n8000-lambda0.1-seed15,nystrom_krr,15,8000,0.1,20,19,B,learned,256,0.1074544302386156,0.0944452868971532,0.8789333923917881,0.1002912164693957,3289.8178299909523,0.1024323549482678,0.0917456683326491,0.8956707905327772,6202.841414783935,6201.945743993402,6.202841414783935e-05,True,0.0536743589759203,0.0977692617560515,False,True,True
adafnn-n32000-lambda0.01-seed01,adafnn,1,32000,0.01,20,19,B,learned,256,0.3186412500551561,0.3316961676563785,1.0409705824307514,0.2538606526095009,33.77647856182338,0.2683167330310571,0.252609936787904,0.941461734176172,93.90571373689924,92.96425200272306,9.390571373689924e-07,True,0.1893896422790869,0.2460532982648857,False,True,False
krr-n16000-lambda0.1-seed15,nystrom_krr,15,16000,0.1,20,19,B,learned,256,0.1207743222445917,0.224934684056085,1.8624379741957733,0.110509175470747,7283.525199853388,0.1136713285210834,0.1145376020933444,1.007620862565184,40429.61496738112,40428.60734651855,0.0004042961496738,True,0.0627761154673652,0.3124545922388705,False,True,False
krr-n8000-lambda0.1-seed02,nystrom_krr,2,8000,0.1,20,19,B,learned,256,0.1036157721295489,0.1667116860252332,1.6089412123165638,0.1002184226483252,1753.4618871391606,0.1013596947561354,0.076759898244461,0.757301987038735,24785.998708230454,24785.241406243415,0.0002478599870823,True,0.0333886996692504,0.2012951452881036,False,True,True
adafnn-n16000-lambda0.01-seed13,adafnn,13,16000,0.01,20,19,B,learned,256,1.5403922276166215,2.674154244096909,1.7360216418609864,1.277292862510768,30.97742918356289,1.3235412510790727,4.105871095851563,3.1021859670063767,1008.054554827842,1004.9523688608356,1.008054554827842e-05,True,0.4130406614001838,1.6885174798557214,False,True,False
krr-n32000-lambda0.01-seed12,nystrom_krr,12,32000,0.01,20,19,B,learned,256,1.1358124818805746,4.266819552306281,3.7566232281949135,1.0896948732081295,44222.235272885264,1.1021127304308442,2.3176955435385813,2.102956875049011,335007.75110946014,335005.6481525851,0.0033500775110946,True,0.1458831526496963,2.263523281462929,False,True,False
krr-n4000-lambda0.01-seed05,nystrom_krr,5,4000,0.01,20,19,B,learned,256,5.8812764270081335,15.344817498284645,2.609096458690127,5.791905660483845,37465.020765294,5.828478289141845,14.228153187486528,2.44114372253781,18358.862311067147,18356.421167344608,0.0001835886231106,True,0.1273793908302508,0.7328616358803371,False,True,False
krr-n8000-lambda0.0001-seed08,nystrom_krr,8,8000,0.0001,20,19,B,learned,256,0.1672124331277492,0.7950479206796095,4.75471773125984,0.1558780013492093,5424.854262554898,0.1594086473142515,0.2818568152935372,1.7681400604190345,21591.916213317087,21590.148073256667,0.0002159191621331,True,0.0653692576709817,0.5661852745832817,False,True,True
krr-n16000-lambda0.1-seed02,nystrom_krr,2,16000,0.1,20,19,B,learned,256,0.1196040656169742,0.1642801286125232,1.3735329795445386,0.1174065139884548,1565.225355213268,0.1180857830758371,0.0825451963002298,0.6990273862791564,23857.50928236257,23856.81025497629,0.0002385750928236,True,0.0289657289525874,0.2444770381693266,False,True,False
krr-n2000-lambda0.0001-seed12,nystrom_krr,12,2000,0.0001,20,19,B,learned,256,0.1423263280409808,0.1509057850582155,1.0602801824182828,0.1419645705825851,80.44898787198426,0.1421214354225037,0.1500617263010277,1.0558697627484468,2061.715525372982,2060.6596556102336,2.061715525372982e-05,True,0.0069302076851113,0.0255473508009145,False,True,False
adafnn-n8000-lambda0.001-seed07,adafnn,7,8000,0.001,20,19,B,learned,256,2.5423089532702834,1.9262228277184088,0.7576666971339671,2.1453039821918147,15.497860643652029,2.2080934672053614,5.359295921869136,2.427114613337471,766.8295387639101,764.4024241505726,7.668295387639101e-06,True,0.5209856054155575,1.993242070878119,False,True,True
adafnn-n4000-lambda0.01-seed11,adafnn,11,4000,0.01,20,19,B,learned,256,0.5059947866824257,0.5505030555990871,1.0879619120356585,0.5005115572796096,0.9244076462280718,0.5016100429857717,0.7024854480036031,1.4004612902527738,895.2138162060237,893.8133549157709,8.952138162060236e-06,True,0.0573258928972685,0.1514431147695929,False,True,False
adafnn-n32000-lambda0.1-seed07,adafnn,7,32000,0.1,20,19,B,learned,256,0.1152685137842065,0.1220674363831388,1.0589833457179867,0.1132717691867926,0.8126988095375713,0.1135639072479394,0.1253385735009274,1.10368317309901,36.83429974182261,35.730616568723605,3.683429974182261e-07,True,0.037582821563643,0.0389839449131612,False,True,False
krr-n16000-lambda1-seed04,nystrom_krr,4,16000,1.0,20,19,B,learned,256,0.1699761763020803,0.2450654925023786,1.4417637685110072,0.1655304570174718,3185.533613112809,0.1669128924560822,0.1829365197286494,1.0959999376727791,7574.498510342218,7573.402510404545,7.574498510342217e-05,True,0.0409981512679274,0.168004841489962,False,True,False
adafnn-n16000-lambda0.0001-seed14,adafnn,14,16000,0.0001,20,19,B,learned,256,0.0698039371568057,0.0752031056956346,1.0773476219070606,0.0692850560419724,0.0963889351614816,0.0693863070596981,0.0740213879292422,1.066801088946212,31.74224996089333,30.67544887194712,3.174224996089333e-07,True,0.0177870480434188,0.0186158965459023,False,True,False
adafnn-n16000-lambda0.001-seed12,adafnn,12,16000,0.001,20,19,B,learned,256,0.1713406464086874,0.1312470198594892,0.766000494397777,0.1232457090067468,8.890907609241495,0.1254182153320656,0.100895744387908,0.8044744068536593,18.56612212080937,17.761647713955714,1.8566122120809373e-07,True,0.2091648267559056,0.185535925507585,False,True,False
adafnn-n16000-lambda0.01-seed16,adafnn,16,16000,0.01,20,19,B,learned,256,0.080552318129581,0.0780653551750569,0.9691261156442034,0.0789109384860506,0.1990912791681447,0.0790772034652498,0.0756808738717385,0.9570504589858982,25.54746580638445,24.590415347398555,2.5547465806384453e-07,True,0.0361780276444261,0.0333320999492418,False,True,False
krr-n4000-lambda1-seed00,nystrom_krr,0,4000,1.0,20,19,B,learned,256,5.882862247148903,10.340791423512396,1.7577823496587912,5.802559322281412,35104.52177689786,5.836821810072263,9.251894616090311,1.5850911535666303,11109.793792354942,11108.208701201374,0.0001110979379235,True,0.1085262608118035,0.3550343238417154,False,True,False
adafnn-n8000-lambda0.0001-seed05,adafnn,5,8000,0.0001,20,19,B,learned,256,0.0932805028653583,0.0952520601333564,1.0211357915902728,0.0909816035602274,0.1778323213143688,0.0911956104815294,0.0924558497807949,1.013819078490853,42.3364710247843,41.32265194629345,4.233647102478431e-07,True,0.0432537335036534,0.0540204575401001,False,True,True
krr-n32000-lambda0.0001-seed07,nystrom_krr,7,32000,0.0001,20,19,B,learned,256,0.1232314114072412,0.4990679076421801,4.049843314647407,0.1169753261840776,6632.975127206065,0.1188447086172295,0.1053140690303628,0.8861485736782304,100616.67293718152,100615.78678860785,0.0010061667293718,True,0.0501729046085622,0.7200026367099699,False,True,False
adafnn-n8000-lambda0.1-seed04,adafnn,4,8000,0.1,20,19,B,learned,256,0.1181280371831129,0.1901783644845274,1.6099341783672203,0.0502894979058027,1.907687883740986,0.0586577530375195,0.319349879301177,5.444291040212703,2459.6486665238226,2454.20437548361,2.4596486665238226e-05,True,0.2260575789791261,0.7651222253651941,False,True,True
adafnn-n2000-lambda0.01-seed02,adafnn,2,2000,0.01,20,19,B,learned,256,0.6325839131146507,0.682811348128677,1.0794004304768388,0.5359716869206009,27.53451163074992,0.5598267503801723,0.6360307851562049,1.1361207457919495,90.26827611628276,89.13215537049079,9.026827611628276e-07,True,0.2211381904497167,0.2276618691980046,False,True,False
krr-n4000-lambda1-seed08,nystrom_krr,8,4000,1.0,20,19,B,learned,256,0.2062951577491527,0.2191667190908111,1.0623939092031898,0.2047065842805731,659.3760801183649,0.205350107674221,0.2202661414791609,1.0726370878198102,1303.239403898138,1302.166766810318,1.303239403898138e-05,True,0.0173645236411496,0.03060471949827,False,True,False
adafnn-n4000-lambda0.1-seed07,adafnn,7,4000,0.1,20,19,B,learned,256,13.30917034966715,14.85812839895015,1.1163827653105167,12.35721889150251,85.9169081434238,12.561522439148137,18.69159063916979,1.4880036022478629,417.5233679412404,416.0353643389925,4.175233679412404e-06,True,0.7371189611695763,1.9325420148658965,False,True,False
krr-n32000-lambda1-seed02,nystrom_krr,2,32000,1.0,20,19,B,learned,256,0.1022909363559385,0.2246788441204522,2.1964687402864747,0.0972641595873709,4831.964232471683,0.0986240561604273,0.0771668026654512,0.7824338773891784,61953.62062307328,61952.83818919589,0.0006195362062307,True,0.0480310693453239,0.5886759215306446,False,True,False
krr-n2000-lambda0.01-seed15,nystrom_krr,15,2000,0.01,20,19,B,learned,256,2.230796635166018,2.71834402372255,1.218553041039641,2.189084831458312,8945.692791050507,2.206522360993456,2.396493604552973,1.0860953176445425,4123.365061491167,4122.278966173522,4.123365061491167e-05,True,0.0826846094350148,0.3079907407639584,False,True,False
adafnn-n16000-lambda0.01-seed05,adafnn,5,16000,0.01,20,19,B,learned,256,0.1026406765272724,0.0916331559902197,0.8927567421661726,0.1019822289827872,0.0841250478079117,0.1020940981903081,0.0939177432336572,0.9199135395524054,20.683252787158438,19.76333924760603,2.0683252787158437e-07,True,0.0208496793022763,0.0215555080750199,False,True,False
krr-n4000-lambda0.0001-seed03,nystrom_krr,3,4000,0.0001,20,19,B,learned,256,10.980688865256072,20.629929476134045,1.8787463818785608,10.92274268011104,24984.764802356807,10.947126942143608,18.221792464858588,1.6645273742747422,31867.746458038266,31866.081930663982,0.0003186774645803,True,0.0958001100201365,1.0910150893997332,False,True,False
adafnn-n32000-lambda0.01-seed19,adafnn,19,32000,0.01,20,19,B,learned,256,0.1769944858510222,0.2133566867705294,1.2054425636181323,0.172942272496121,1.0918934516347574,0.1733845724693071,0.1926786916525264,1.1112793307295823,23.706777777946403,22.59549844721682,2.3706777777946407e-07,True,0.056281554779339,0.0737385668218877,False,True,False
krr-n8000-lambda0.01-seed11,nystrom_krr,11,8000,0.01,20,19,B,learned,256,0.1604048506451173,0.3022493038719287,1.8842902983066927,0.1543580310907506,3539.803209996341,0.1566619638125519,0.2838150824316233,1.8116400147467304,3557.525678327035,3555.7140383122883,3.557525678327035e-05,True,0.0379335486181243,0.0992199469015967,False,True,True
adafnn-n16000-lambda0.0001-seed03,adafnn,3,16000,0.0001,20,19,B,learned,256,0.0805400448925359,0.072436898788414,0.899389848677961,0.0787903610980766,0.2029690456223188,0.0790158884609182,0.0724386233764615,0.9167602211078116,25.520056713156904,24.603296492049093,2.5520056713156905e-07,True,0.0360364963816458,0.0392384248221947,False,True,False
adafnn-n32000-lambda0.01-seed14,adafnn,14,32000,0.01,20,19,B,learned,256,0.0901120948987358,0.0962920329773471,1.0685805616388786,0.089728823525382,0.0665158057680775,0.0897749852214822,0.0920921199603439,1.0258104719610392,22.146185810635856,21.120375338674812,2.2146185810635853e-07,True,0.0170571974358833,0.0180346586369892,False,True,False
adafnn-n32000-lambda0.0001-seed15,adafnn,15,32000,0.0001,20,19,B,learned,256,0.1814485167932788,0.1765740570585041,0.97313585241191,0.1738793021242644,1.0977135317674318,0.1746640445956431,0.1748627679814411,1.00113774638769,30.26675577946835,29.26561803308066,3.026675577946836e-07,True,0.077457922275015,0.0677895793755194,False,True,False
krr-n32000-lambda1-seed14,nystrom_krr,14,32000,1.0,20,19,B,learned,256,0.1876997411165619,0.2659195690272782,1.4167284805264686,0.1835110725989244,4316.5374062199935,0.1847197820254167,0.1989864030566962,1.0772338559240853,41335.332843305405,41334.25560944948,0.000413353328433,True,0.0420862170389945,0.3228332291285988,False,True,False
krr-n2000-lambda0.001-seed00,nystrom_krr,0,2000,0.001,20,19,B,learned,256,0.2139460853737582,0.3063905676187936,1.432092422179809,0.2128369970796361,234.5706671341437,0.2132940835391595,0.2465084521033955,1.1557210027259757,3528.999335199158,3527.843614196432,3.528999335199158e-05,True,0.0139612096565864,0.0859646947147464,False,True,False
adafnn-n16000-lambda0.1-seed01,adafnn,1,16000,0.1,20,19,B,learned,256,0.2444422484878336,0.5250701229273176,2.148033436018125,0.1882893883862304,4.398603433927613,0.1940537447007754,0.2932952141801848,1.5114122875208438,193.9343986324205,192.42298634489967,1.939343986324205e-06,True,0.2112442838836276,0.7421717246360933,False,True,False
krr-n4000-lambda0.001-seed04,nystrom_krr,4,4000,0.001,20,19,B,learned,256,1.2081152914335176,2.176376066909089,1.80146388539347,1.1868597247990262,9561.077881030722,1.1961916170633922,1.9262967525721468,1.6103580104508146,7578.553927318904,7576.943569308453,7.578553927318905e-05,True,0.0509095482769108,0.1733128873033394,False,True,False
adafnn-n16000-lambda0.01-seed06,adafnn,6,16000,0.01,20,19,B,learned,256,0.1450082069183474,0.1537949611217852,1.0605948752154806,0.1441995981927961,0.08795007742741,0.1443018312517803,0.1517700936745863,1.0517544535507333,28.22258508518284,27.170830631632107,2.822258508518284e-07,True,0.0245793126210223,0.0293511638105458,False,True,False
krr-n4000-lambda0.001-seed11,nystrom_krr,11,4000,0.001,20,19,B,learned,256,0.1287516003304983,0.1850475151087465,1.437244388681303,0.1253938509311813,1334.6032444242685,0.1266963178889165,0.1945232945024932,1.5353508116395718,2834.51676571604,2832.9814149044005,2.83451676571604e-05,True,0.0274374831908216,0.0588450524139786,False,True,False
krr-n16000-lambda1-seed13,nystrom_krr,13,16000,1.0,20,19,B,learned,256,0.2217054372648,0.693371889328159,3.1274464798083006,0.2097867796887801,7427.353516542966,0.2130100597946606,0.3930826193757035,1.8453711517410532,48285.278658946285,48283.43328779454,0.0004828527865894,True,0.0739736261397211,0.5255587743747436,False,True,False
krr-n16000-lambda0.0001-seed00,nystrom_krr,0,16000,0.0001,20,19,B,learned,256,0.0888144256621728,0.0981511467290583,1.105126177389245,0.0842609802683775,3437.5554505972027,0.0857527882482157,0.0731229055137413,0.8527175268293716,12583.35584052932,12582.503123002489,0.0001258335584052,True,0.0396210731066019,0.1525970694763188,False,True,False
krr-n32000-lambda0.1-seed03,nystrom_krr,3,32000,0.1,20,19,B,learned,256,0.0588286475657661,0.6870562586397324,11.678940228426177,0.0549853634319269,3290.815001014816,0.0559078865197064,0.1149258625728925,2.05562881602372,106600.02144834776,106597.96581953172,0.0010660002144834,True,0.0447016549836849,0.9279531414346162,False,True,False
krr-n8000-lambda0.0001-seed10,nystrom_krr,10,8000,0.0001,20,19,B,learned,256,0.0732766322682475,0.0769847379190832,1.05060420404231,0.0715647290812885,978.474574427378,0.0722015624445344,0.0687830402589569,0.9526530719026516,8046.883535688398,8045.930882616496,8.046883535688398e-05,True,0.0209340980332812,0.0607491531711793,False,True,True
krr-n32000-lambda0.1-seed00,nystrom_krr,0,32000,0.1,20,19,B,learned,256,0.0843449951544883,0.2044458368104261,2.42392374836181,0.0825294865239098,1758.8963947242712,0.0830243674164634,0.1020022583833186,1.22858218083926,23068.512465453623,23067.283883272783,0.0002306851246545,True,0.028735811202603,0.2563036302837688,False,True,False
krr-n2000-lambda0.001-seed06,nystrom_krr,6,2000,0.001,20,19,B,learned,256,0.4462095203943442,0.3341483988510624,0.7488598597263318,0.4365828568136983,2130.473932098348,0.4407370825008936,0.3402298518351692,0.7719564913952511,1417.409889283313,1416.6379327919178,1.4174098892833132e-05,True,0.0363071922111055,0.0780922253089244,False,True,False
krr-n2000-lambda0.0001-seed09,nystrom_krr,9,2000,0.0001,20,19,B,learned,256,0.3266697439135759,0.9371759118703594,2.868878827413841,0.3226125291583859,844.8505348387193,0.3242587074375366,0.4800513674871459,1.4804579074553317,7606.176878908508,7604.696421001053,7.606176878908509e-05,True,0.0276560698018983,0.3300075804671032,False,True,False
adafnn-n16000-lambda0.001-seed07,adafnn,7,16000,0.001,20,19,B,learned,256,0.1018555190183528,0.1072570482115393,1.0530312863283655,0.0988543018213099,0.2834681224674152,0.099124571503293,0.0983557349918016,0.992243734325088,24.714253261828283,23.7220095275032,2.471425326182829e-07,True,0.0496052198080161,0.0444087600172006,False,True,False
krr-n2000-lambda0.0001-seed05,nystrom_krr,5,2000,0.0001,20,19,B,learned,256,0.1403892010944221,0.1518258882425959,1.081464151508931,0.1401808463369484,43.90026598272153,0.1402664388950127,0.1437319647653679,1.0247067359637547,2442.410545103417,2441.3858383674537,2.442410545103417e-05,True,0.0060966910160334,0.0216111712762551,False,True,False
krr-n4000-lambda0.1-seed06,nystrom_krr,6,4000,0.1,20,19,B,learned,256,0.07358889581853,0.0625604321953332,0.8501341336824392,0.0708587989019106,1112.916510392381,0.0719449722149015,0.0607753018251783,0.8447470331024781,2554.6786485825096,2553.833901549407,2.5546786485825097e-05,True,0.0236167375104484,0.0588122047976245,False,True,False
krr-n2000-lambda0.0001-seed11,nystrom_krr,11,2000,0.0001,20,19,B,learned,256,0.7964236055447493,0.8305319246251546,1.0428268560134846,0.7871433857510824,2039.8094529924751,0.7911170395860242,0.6950298399232392,0.8785423712867245,4961.052760219701,4960.174217848414,4.9610527602197006e-05,True,0.0365090690621038,0.1277605326924362,False,True,False
adafnn-n8000-lambda0.01-seed01,adafnn,1,8000,0.01,20,19,B,learned,256,1.6146794362089154,6.0836434051226025,3.7677097191541056,1.517207345799081,13.455507774488328,1.5329740595455217,4.074692517678099,2.6580309642591846,1494.5675618033574,1491.909530839098,1.4945675618033577e-05,True,0.2567852467034118,0.9422890204017266,False,True,True
krr-n2000-lambda0.001-seed19,nystrom_krr,19,2000,0.001,20,19,B,learned,256,0.3448281216389799,0.4541207207545706,1.3169480452931717,0.3405173041481598,932.4640473245564,0.342335617690749,0.3507223713129989,1.0244986299667658,2311.242592808025,2310.2180941780584,2.311242592808025e-05,True,0.0259651767881828,0.1192838921305245,False,True,False
krr-n32000-lambda0.0001-seed05,nystrom_krr,5,32000,0.0001,20,19,B,learned,256,0.0934920606698157,2.1506826804334453,23.00390712350404,0.0840193257663285,8651.079514238025,0.0864377332384053,0.1145793943025223,1.325571483769698,175210.39153017418,175209.06595869042,0.0017521039153017,True,0.0680875903475336,1.4106911298227225,False,True,False
adafnn-n8000-lambda0.001-seed08,adafnn,8,8000,0.001,20,19,B,learned,256,0.5252298647057771,0.6541883246206419,1.2455276605169905,0.3266882802235552,36.28392477236761,0.3718720309447754,0.3608776064475614,0.9704349249679208,233.48012878521268,232.5096938602448,2.3348012878521268e-06,True,0.3288982867702708,0.6183081727728029,False,True,True
adafnn-n32000-lambda0.0001-seed18,adafnn,18,32000,0.0001,20,19,B,learned,256,0.0839419945305817,0.0874565981949828,1.0418694323866782,0.0817840861825148,0.2582979312359343,0.0819790949598107,0.0817453905095108,0.9971492189513144,21.61273953818997,20.61559031923866,2.1612739538189975e-07,True,0.0420462934629224,0.0367412871479338,False,True,False
krr-n8000-lambda0.01-seed17,nystrom_krr,17,8000,0.01,20,19,B,learned,256,0.0428888041915445,0.0380919236382295,0.8881554138956211,0.0418405002329851,590.757575991491,0.0422250007694779,0.0339380399784377,0.8037427912368368,4970.889639250466,4970.085896459229,4.9708896392504656e-05,True,0.016712357271609,0.051452440498572,False,True,True
adafnn-n8000-lambda0.001-seed11,adafnn,11,8000,0.001,20,19,B,learned,256,0.2115724244739792,0.221407848964688,1.046487270329118,0.149945088511612,2.3165916999618066,0.1576157551225313,0.0740077814699919,0.4695455819912034,1148.1227925103308,1147.6532469283395,1.1481227925103308e-05,True,0.2151418200650607,0.4563514023408807,False,True,True
adafnn-n32000-lambda0.01-seed06,adafnn,6,32000,0.01,20,19,B,learned,256,0.1281022641106058,0.1256108203432075,0.9805511340123774,0.1271356591901402,0.0873003656253149,0.1272078869710865,0.1363055070426679,1.071517735953347,25.83813444199209,24.766616706038743,2.583813444199209e-07,True,0.0286731469533825,0.0354763793100774,False,True,False
adafnn-n32000-lambda0.0001-seed00,adafnn,0,32000,0.0001,20,19,B,learned,256,2.1355844133183526,2.1660265059209003,1.0142546894483302,1.9589115724442123,277.57823807862786,1.984256618495408,2.46261326573999,1.2410759993368714,294.58547083784373,293.34439483850684,2.945854708378437e-06,True,0.3549404862324269,0.6366229496768862,False,True,False
krr-n16000-lambda0.01-seed09,nystrom_krr,9,16000,0.01,20,19,B,learned,256,0.1083148662713106,0.4952777779551185,4.572574338175614,0.1021746387000478,4170.419667141181,0.1039844839022422,0.1634138309972815,1.571521296878387,67511.15599034393,67509.58446904705,0.0006751115599034,True,0.0502049516170833,0.5437698394287809,False,True,False
adafnn-n16000-lambda0.0001-seed04,adafnn,4,16000,0.0001,20,19,B,learned,256,2.626373979456256,1.9600545033954369,0.746296802636322,2.512387708770219,20.769137608837248,2.536180397457169,1.9882228783969365,0.7839437921649316,281.21329569703005,280.42935190486514,2.8121329569703006e-06,True,0.2576837079049998,0.3988122369644086,False,True,False
krr-n32000-lambda0.001-seed11,nystrom_krr,11,32000,0.001,20,19,B,learned,256,0.0954243714205421,0.6818535351246611,7.145486262829893,0.0910230804475887,3748.5662900462025,0.0920768799840286,0.1730523818193651,1.879433597765067,222281.33573774912,222279.45630415136,0.0022228133573774,True,0.0478925035895318,0.8540479434273508,False,True,False
krr-n8000-lambda0.0001-seed03,nystrom_krr,3,8000,0.0001,20,19,B,learned,256,0.0545404896125161,0.0679040355070248,1.2450206441022127,0.0532438496131392,752.5231836457388,0.0537336106759855,0.0657990423209561,1.2245416135856808,1942.160595675656,1940.93605406207,1.942160595675656e-05,True,0.017807803729944,0.0231793767375994,False,True,True
krr-n32000-lambda0.001-seed13,nystrom_krr,13,32000,0.001,20,19,B,learned,256,0.1178974681297912,0.1680193373877396,1.4251310062296687,0.11503980146278,3059.669283239551,0.1159033327010744,0.1004388118347163,0.8665739758645027,45183.86635213484,45182.99977815897,0.0004518386635213,True,0.0336244582175257,0.3119131701506258,False,True,False
krr-n32000-lambda1-seed17,nystrom_krr,17,32000,1.0,20,19,B,learned,256,0.0499513588621613,0.1637319943845592,3.277828633979125,0.0445323139490328,4681.960184772891,0.0458484963121063,0.0522628276355147,1.1399027632170065,50211.80002643319,50210.66012366998,0.0005021180002643,True,0.0527890157796199,0.3216892107843802,False,True,False
krr-n16000-lambda0.01-seed12,nystrom_krr,12,16000,0.01,20,19,B,learned,256,0.4743429157208512,1.4922276994923729,3.1458838111341003,0.4625198014719377,8163.035949591615,0.4660623370443333,0.5902359194113109,1.2664312743107706,96788.89207973142,96787.6256484571,0.0009678889207973,True,0.0688334446626328,0.7969597202632452,False,True,False
krr-n2000-lambda0.1-seed08,nystrom_krr,8,2000,0.1,20,19,B,learned,256,0.3053852769590814,0.2969569206972025,0.9724009083024382,0.3048026591055918,130.47728144422803,0.3050569417420624,0.2894974552507042,0.948994812566782,2613.439403061468,2612.490408248901,2.613439403061468e-05,True,0.0086053809066786,0.0271412899681434,False,True,False
krr-n16000-lambda0.1-seed11,nystrom_krr,11,16000,0.1,20,19,B,learned,256,0.1664541119448523,0.3131629031663165,1.881376792121964,0.1587780503982575,5748.191052514912,0.1612725773525551,0.1984475884403428,1.2305104295972151,30502.816915911542,30501.586405481947,0.0003050281691591,True,0.051836354404989,0.326457184064638,False,True,False
adafnn-n8000-lambda0.0001-seed16,adafnn,16,8000,0.0001,20,19,B,learned,256,0.1192206636135876,0.1265926903121581,1.061835142290974,0.1159709549908903,0.3925760100938525,0.116405140220619,0.1197092222170668,1.0283843307107037,29.97081147793606,28.94242714722536,2.997081147793606e-07,True,0.0487989565884553,0.0462135372549798,False,True,True
krr-n16000-lambda0.01-seed08,nystrom_krr,8,16000,0.01,20,19,B,learned,256,0.1552876040902684,0.2117507758641739,1.3636038568866289,0.1489749208346038,4557.00440883564,0.1509525307632685,0.1125675072674262,0.7457146077528197,38982.43128705095,38981.6855724432,0.0003898243128705,True,0.0485537166274189,0.3735462154404526,False,True,False
adafnn-n8000-lambda0.0001-seed19,adafnn,19,8000,0.0001,20,19,B,learned,256,0.1177461156306927,0.1316107622530866,1.1177503525116697,0.1158659587334805,0.0977807401191389,0.1159538745742771,0.1260390424350163,1.0869756866492537,9.83352898703745,8.746553300388197,9.83352898703745e-08,True,0.0412834738600042,0.0529103150038404,False,True,True
adafnn-n4000-lambda0.0001-seed08,adafnn,8,4000,0.0001,20,19,B,learned,256,1.8065429068210077,2.044031856818464,1.1314604536104644,1.6533668426646768,17.631232286293244,1.6898864332120191,1.3549408980604984,0.8017940563527223,528.1167381217115,527.3149440653588,5.2811673812171145e-06,True,0.2830845863933416,0.6935479451144937,False,True,False
adafnn-n8000-lambda0.001-seed09,adafnn,9,8000,0.001,20,19,B,learned,256,0.372776118151552,0.6427982506995598,1.7243546981682725,0.3183937407975178,10.965293785369433,0.3310282042153494,0.6883908560382777,2.079553485993741,631.3241733237792,629.2446198377854,6.313241733237792e-06,True,0.1706266407053354,0.4336013585810873,False,True,True
adafnn-n4000-lambda0.001-seed06,adafnn,6,4000,0.001,20,19,B,learned,256,1.4593928814374937,0.8301585718602489,0.5688383042149331,1.3479447638562594,7.949827716402731,1.370967864629333,2.612272346401632,1.9054220115567104,1020.6432817725948,1018.737859761038,1.0206432817725948e-05,True,0.255737983184082,1.1260663981477492,False,True,False
krr-n16000-lambda1-seed07,nystrom_krr,7,16000,1.0,20,19,B,learned,256,0.0959535316534008,0.0854295310294464,0.8903219043362708,0.091513981489375,3212.4446813434142,0.0929080690375472,0.0580713486843424,0.6250409602299871,13726.934505835672,13726.30946487544,0.0001372693450583,True,0.0406371144113539,0.2076091843658406,False,True,False
krr-n4000-lambda0.1-seed10,nystrom_krr,10,4000,0.1,20,19,B,learned,256,0.1750901439763177,0.1688193161063493,0.9641851464191126,0.1741391376765443,420.3510172136828,0.174549400127893,0.1670149440766765,0.9568348212844277,2042.2936259061903,2041.336791084906,2.0422936259061905e-05,True,0.0114228454019161,0.0193367592495257,False,True,False
krr-n16000-lambda0.01-seed16,nystrom_krr,16,16000,0.01,20,19,B,learned,256,0.1295027032776464,0.6118412496334535,4.7245442307231285,0.1233528968164746,4011.537486494746,0.1250937671161462,0.164328641452063,1.3136437189511465,49082.170018754376,49080.85637503542,0.0004908217001875,True,0.0516533238216928,0.5887628877333406,False,True,False
adafnn-n2000-lambda0.001-seed10,adafnn,10,2000,0.001,20,19,B,learned,256,1.4387162969055276,1.2837838871768188,0.8923120492469946,1.4299584084311692,0.7161904826477923,1.4310140296148122,1.4167864685312606,0.9900577067805678,224.22342613686664,223.2333684300861,2.242234261368667e-06,True,0.0815269653064899,0.3580732082151718,False,True,False
krr-n2000-lambda1-seed04,nystrom_krr,4,2000,1.0,20,19,B,learned,256,0.3848310535776344,1.3200687724993116,3.43025532951957,0.3798474278846064,1054.2560950566267,0.3819020279503514,1.0008804002217249,2.6207779141509118,5624.642807369864,5622.022029455713,5.624642807369864e-05,True,0.0295706875391562,0.1686716281017191,False,True,False
adafnn-n2000-lambda0.0001-seed06,adafnn,6,2000,0.0001,20,19,B,learned,256,0.0967537610672521,0.1096352576523056,1.133136907991615,0.0959976835512836,0.1096222403356085,0.0961315593684228,0.1062837293852981,1.1056070460478775,95.78624978995197,94.68064274390407,9.578624978995195e-07,True,0.0220980967659838,0.029956904612234,False,True,False
adafnn-n8000-lambda0.01-seed06,adafnn,6,8000,0.01,20,19,B,learned,256,2.645873658796912,4.086312057034023,1.5444093649173272,2.519362413591819,4.10740546411692,2.5301394646172315,5.118979422860623,2.0232004972243853,175.3825425892009,173.35934209197652,1.7538254258920092e-06,True,0.3239708986744267,1.1022708286744811,False,True,True
krr-n2000-lambda1-seed07,nystrom_krr,7,2000,1.0,20,19,B,learned,256,0.9203446519404588,1.8803147079450293,2.043054962052059,0.9180121424047742,529.4562784870144,0.919044268144296,1.6634132204395888,1.8099380825238136,5238.451332096854,5236.641394014329,5.238451332096853e-05,True,0.0163785853065329,0.113756996744545,False,True,False
krr-n32000-lambda0.1-seed18,nystrom_krr,18,32000,0.1,20,19,B,learned,256,0.0606461319307709,0.3615552775609224,5.961720328241985,0.0554509210620286,4918.477802576679,0.0568418092667179,0.0875196732130324,1.539705972453574,91471.15585813449,91469.61615216202,0.0009147115585813,True,0.0491267183858606,0.4909667839302059,False,True,False
krr-n4000-lambda0.01-seed19,nystrom_krr,19,4000,0.01,20,19,B,learned,256,0.0377964312144767,0.0418135140934023,1.1062820681701562,0.0366294068352615,443.3876161642253,0.037062181986298,0.0344297744957239,0.9289732188043526,4070.073454689211,4069.1444814704064,4.070073454689211e-05,True,0.0173630088735301,0.0673839868256588,False,True,False
adafnn-n8000-lambda0.1-seed12,adafnn,12,8000,0.1,20,19,B,learned,256,0.1655885580484523,0.1398923098488467,0.8448186970014755,0.0420438850066768,63.70647882766206,0.0536605958843817,0.5660009116565781,10.54779400653871,143.950364073554,133.4025700670153,1.43950364073554e-06,True,0.3167195151650675,0.7414013247877421,False,True,True
adafnn-n16000-lambda0.01-seed00,adafnn,0,16000,0.01,20,19,B,learned,256,0.022868920548575,0.0548523421081057,2.398554054687273,0.0123291521026667,3.0611373652731726,0.0134792140059529,0.046000691858015,3.412713221831734,399.090957669158,395.6782444473263,3.99090957669158e-06,True,0.0907724883394499,0.3125776675188638,False,True,False
krr-n2000-lambda1-seed16,nystrom_krr,16,2000,1.0,20,19,B,learned,256,0.1389047946981863,0.1538388154708797,1.1075126370197814,0.1385991865293653,66.14776933569703,0.1387281337138161,0.1496264051311868,1.0785584807177824,1555.995174905964,1554.9166164252465,1.555995174905964e-05,True,0.0069075176380123,0.0150677564792351,False,True,False
adafnn-n2000-lambda0.0001-seed12,adafnn,12,2000,0.0001,20,19,B,learned,256,0.6020169061490296,0.5884416741855449,0.9774504140584316,0.5735480202249771,5.375321421491314,0.575564558528656,0.6337600020494832,1.1011101928680167,20.154090957520527,19.05298076465251,2.015409095752053e-07,True,0.156319574308492,0.1684165853838043,False,True,False
krr-n8000-lambda0.01-seed04,nystrom_krr,4,8000,0.01,20,19,B,learned,256,0.1309836429809173,0.3738142834083956,2.8539004939941672,0.1257274674079047,2868.979436811366,0.1275947865509877,0.3140966717126123,2.4616732407565665,25900.168978246867,25897.70730500611,0.0002590016897824,True,0.0390068876846977,0.2310702015617114,False,True,True
adafnn-n4000-lambda0.0001-seed01,adafnn,1,4000,0.0001,20,19,B,learned,256,1.0654840758984745,0.4750437132791489,0.4458477832046116,0.8437676190409209,14.91840164875858,0.8811594918518802,0.3948162399005859,0.4480644463930409,299.434955963511,298.98689151711795,2.99434955963511e-06,True,0.3833180288427737,0.4539251843035352,False,True,False
adafnn-n4000-lambda0.1-seed14,adafnn,14,4000,0.1,20,19,B,learned,256,0.8102921457086786,0.6836902536357385,0.8437577202945556,0.7366828466147745,10.133615884299264,0.7550273343004452,0.693322217210968,0.9182743269200327,356.79099476379,355.87272043686994,3.5679099476379e-06,True,0.1921466203777491,0.3338514469518848,False,True,False
adafnn-n8000-lambda0.1-seed15,adafnn,15,8000,0.1,20,19,B,learned,256,1.287344165743284,1.2453022540439704,0.9673421352128942,1.2630330002133296,2.3076500962073463,1.266751361316827,1.3907341350509546,1.0978745928524154,441.9899549085955,440.8920803157431,4.419899549085955e-06,True,0.1299016679168753,0.2379381794753529,False,True,True
adafnn-n16000-lambda0.001-seed18,adafnn,18,16000,0.001,20,19,B,learned,256,0.8048561050480509,0.55625244317417,0.6911203626155771,0.72443917929816,16.767669551538894,0.7394586459062757,1.081470223430292,1.4625161655995638,305.2659755520134,303.80345938641386,3.052659755520134e-06,True,0.2244504233214906,0.5393700491433402,False,True,False
krr-n32000-lambda1-seed15,nystrom_krr,15,32000,1.0,20,19,B,learned,256,0.0651927256406688,0.3101571017636469,4.757541561817496,0.0598610024731351,4626.514907984054,0.0611671091463083,0.0921534874691452,1.5065856267413116,109407.41734830118,109405.91076267444,0.001094074173483,True,0.0521489196550317,0.6021856644783761,False,True,False
adafnn-n2000-lambda0.001-seed04,adafnn,4,2000,0.001,20,19,B,learned,256,1.6775057209474185,0.8420002284097627,0.5019358312138688,1.3677294994415434,32.309059719232856,1.4534460668520686,0.9914816838891046,0.6821592534468756,318.07504168531966,317.3928824318728,3.1807504168531966e-06,True,0.3719450049202636,0.5915323667649443,False,True,False
adafnn-n2000-lambda0.01-seed07,adafnn,7,2000,0.01,20,19,B,learned,256,0.1005625356200444,0.1056774970962273,1.050863489515706,0.1000305731147404,0.0809872561231153,0.1001234634354935,0.1045275695808828,1.0439867538963712,40.32314412994707,39.2791573760507,4.032314412994707e-07,True,0.0186059631550706,0.0196419995399519,False,True,False
adafnn-n4000-lambda0.0001-seed10,adafnn,10,4000,0.0001,20,19,B,learned,256,0.1374276471220557,0.1594936859445255,1.1605647719695869,0.1358701310675438,0.198851993462622,0.1360758602158985,0.1464941887925885,1.076562650863718,143.7976263034314,142.7210636525677,1.437976263034314e-06,True,0.0338534748521656,0.0462458559132006,False,True,False
krr-n16000-lambda0.01-seed18,nystrom_krr,18,16000,0.01,20,19,B,learned,256,0.1085106827792743,1.25195095288083,11.537582483260842,0.0986511971550495,6847.38502581594,0.1016227474076071,0.208110443922223,2.047872639060776,66300.64248133474,66298.59460869568,0.0006630064248133,True,0.0625810284280295,0.9755105182450589,False,True,False
krr-n2000-lambda0.001-seed13,nystrom_krr,13,2000,0.001,20,19,B,learned,256,0.1935922361759185,0.2051316960439266,1.059607038463682,0.1932242010244024,82.52972809786044,0.1933850438707737,0.2085945235223404,1.0786486863054945,2605.77522550222,2604.6965768159143,2.60577522550222e-05,True,0.006808043681798,0.029808092987896,False,True,False
krr-n4000-lambda0.01-seed02,nystrom_krr,2,4000,0.01,20,19,B,learned,256,0.0611920812885902,0.0495297395351608,0.8094142002062621,0.0602397894693635,367.578385308303,0.0605985586791258,0.0477792157150755,0.7884546556308429,3978.170761878635,3977.382307223004,3.978170761878635e-05,True,0.015321664390728,0.0578025224048664,False,True,False
